[2026-10-01 12:52:10,546] root                                               [DEBUG  ]  Logging to file: /tmp/tmptnv8juhn/multiqc.log
[2026-10-01 12:52:10,558] multiqc.core.update_config                         [DEBUG  ]  This is MultiQC v1.35
[2026-10-01 12:52:10,558] multiqc.core.update_config                         [DEBUG  ]  Running Python 3.14.5 | packaged by conda-forge | (main, May 20 2026, 00:15:36) [GCC 14.3.0]
[2026-10-01 12:52:10,702] multiqc.config                                     [INFO   ]  Loading config settings from: 1/multiqc_config.yml
[2026-10-01 12:52:10,702] multiqc.config                                     [DEBUG  ]  New config: {'report_comment': 'This report has been generated by the <a href="https://github.com/nf-core/rnaseq/releases/tag/3.27.0" target="_blank">nf-core/rnaseq</a> analysis pipeline. For information about how to interpret these results, please see the <a href="https://nf-co.re/rnaseq/3.27.0/docs/output" target="_blank">documentation</a>.\n', 'report_section_order': {'sample-status': {'order': 5004}, 'fail_trimmed_samples-module': {'order': 5003}, 'fail_mapped_samples-module': {'order': 5002}, 'strandedness': {'order': 5001}, 'strand_check_summary-module': {'order': 2}, 'strand_check_composition-module': {'order': 1}, 'fastqc_raw': {'order': 4004}, 'cutadapt': {'order': 4003}, 'trim_galore': {'order': 4003}, 'fastp': {'order': 4003}, 'fastqc_trimmed': {'order': 4002}, 'bbmap': {'order': 4001}, 'bowtie2_rrna': {'order': 4000}, 'fastqc_filtered': {'order': 3999}, 'star': {'order': 3000}, 'hisat2': {'order': 3000}, 'bowtie2_alignment': {'order': 3000}, 'samtools': {'order': 3000}, 'dupradar-module': {'order': 3000}, 'featurecounts_biotype': {'order': 3000}, 'picard': {'order': 3000}, 'preseq': {'order': 3000}, 'qualimap': {'order': 3000}, 'rseqc': {'order': 3000}, 'umitools': {'order': 3000}, 'rsem': {'order': 2000}, 'salmon': {'order': 2000}, 'kallisto': {'order': 2000}, 'sample-relationships': {'order': 1006}, 'star_salmon_deseq2_pca': {'order': 1005}, 'star_salmon_deseq2_clustering': {'order': 1004}, 'salmon_deseq2_pca': {'order': 1003}, 'salmon_deseq2_clustering': {'order': 1002}, 'star_rsem_deseq2_pca': {'order': 1001}, 'star_rsem_deseq2_clustering': {'order': 1000}, 'nf-core-rnaseq-methods-description': {'order': -1000}, 'software_versions': {'order': -1001}, 'nf-core-rnaseq-summary': {'order': -1002}}, 'export_plots': True, 'export_plots_timeout': 60, 'disable_version_detection': True, 'sample_names_replace_exact': True, 'use_filename_as_sample_name': ['sortmerna'], 'run_modules': ['custom_content', 'fastqc', 'cutadapt', 'trim_galore', 'fastp', 'seqkit', 'bbmap', 'sortmerna', 'bowtie2', 'star', 'hisat2', 'rsem', 'umitools', 'umicollapse', 'salmon', 'kallisto', 'samtools', 'picard', 'preseq', 'rseqc', 'qualimap', 'kraken', 'sylphtax'], 'module_order': [{'fastqc': {'anchor': 'fastqc_raw', 'name': 'FastQC (raw)', 'info': 'This section of the report shows FastQC results before adapter trimming.', 'path_filters': ['*_raw*fastqc.zip']}}, 'cutadapt', 'trim_galore', 'fastp', {'seqkit': {'name': 'SeqKit Stats (rRNA removal)', 'info': 'Read length statistics used by RiboDetector for rRNA removal.', 'path_filters': ['*.rrna_removal_stats.tsv']}}, {'fastqc': {'anchor': 'fastqc_trimmed', 'name': 'FastQC (trimmed)', 'info': 'This section of the report shows FastQC results after adapter trimming.', 'path_filters': ['*_trimmed*fastqc.zip']}}, {'bowtie2': {'anchor': 'bowtie2_rrna', 'name': 'Bowtie2 (rRNA removal)', 'info': 'This section shows Bowtie2 alignment statistics for rRNA removal. Reads were aligned against an rRNA reference to filter out ribosomal RNA contamination.', 'path_filters': ['*.bowtie2_rrna.bowtie2.log']}}, {'fastqc': {'anchor': 'fastqc_filtered', 'name': 'FastQC (filtered)', 'info': 'This section of the report shows FastQC results after contaminant removal (BBSplit) and/or ribosomal RNA removal.', 'path_filters': ['*_filtered*fastqc.zip']}}, {'bowtie2': {'anchor': 'bowtie2_alignment', 'name': 'Bowtie2 (alignment)', 'info': 'This section shows Bowtie2 alignment statistics when using Bowtie2 as the primary aligner (e.g. for prokaryotic RNA-seq).', 'path_filters_exclude': ['*.bowtie2_rrna.bowtie2.log']}}], 'table_columns_visible': {'FastQC (raw)': {'percent_duplicates': False}, 'FastQC (trimmed)': {'percent_duplicates': False}, 'FastQC (filtered)': {'percent_duplicates': False}}, 'table_columns_name': {'FastQC (raw)': {'percent_gc': 'GC (raw)', 'avg_sequence_length': 'Avg len (raw)', 'median_sequence_length': 'Median len (raw)', 'percent_fails': 'Failed (raw)', 'total_sequences': 'Seqs (raw)'}, 'FastQC (trimmed)': {'percent_gc': 'GC (trim)', 'avg_sequence_length': 'Avg len (trim)', 'median_sequence_length': 'Median len (trim)', 'percent_fails': 'Failed (trim)', 'total_sequences': 'Seqs (trim)'}, 'FastQC (filtered)': {'percent_gc': 'GC (filt)', 'avg_sequence_length': 'Avg len (filt)', 'median_sequence_length': 'Median len (filt)', 'percent_fails': 'Failed (filt)', 'total_sequences': 'Seqs (filt)'}}, 'fn_ignore_files': ['*umi_dedup.transcriptome.sorted.log'], 'custom_data': {'fail_trimmed_samples': {'section_name': 'WARNING: Fail Trimming Check', 'description': "List of samples that failed the minimum trimmed reads threshold specified via the '--min_trimmed_reads' parameter, and hence were ignored for the downstream processing steps.", 'plot_type': 'table', 'pconfig': {'id': 'fail_trimmed_samples_table', 'title': 'Samples failed trimming threshold', 'namespace': 'Samples failed trimming threshold'}}, 'fail_mapped_samples': {'section_name': 'WARNING: Fail Alignment Check', 'description': "List of samples that failed the STAR minimum mapped reads threshold specified via the '--min_mapped_reads' parameter, and hence were ignored for the downstream processing steps.", 'plot_type': 'table', 'pconfig': {'id': 'fail_mapped_samples_table', 'title': 'Samples failed mapping threshold', 'namespace': 'Samples failed mapping threshold'}}}}
[2026-10-01 12:52:10,702] multiqc.config                                     [DEBUG  ]  Added to filename patterns: [{'cutadapt': {'fn': '*trimming_report.txt'}, 'fastp': {'fn': '*.fastp.json'}, 'bbmap/bbsplit': {'fn': '*.stats.txt'}, 'sortmerna': {'fn': '*.sortmerna.log'}, 'bowtie2': {'fn': '*.bowtie2.log'}, 'hisat2': {'fn': '*.hisat2.summary.log'}, 'seqkit/stats': {'fn': '*.rrna_removal_stats.tsv'}, 'salmon/meta': {'fn': 'meta_info.json'}, 'preseq': {'fn': '*.lc_extrap.txt'}, 'samtools/stats': {'fn': '*.stats'}, 'samtools/flagstat': {'fn': '*.flagstat'}, 'samtools/idxstats': {'fn': '*.idxstats*'}, 'kraken': [{'fn': '*.kraken2.report.txt'}, {'fn': '*.kraken2.report_bracken.txt'}], 'sylphtax': [{'fn': '*.sylphmpa'}], 'umitools/extract': {'fn': '*.umi_extract.log'}, 'umitools/dedup': {'fn': '*.umi_dedup*.log'}, 'umicollapse': {'fn': '*_UMICollapse.log'}, 'rseqc/bam_stat': {'fn': '*.bam_stat.txt'}, 'rseqc/gene_body_coverage': {'skip': True}, 'rseqc/junction_annotation': {'fn': '*.junction_annotation.log'}, 'rseqc/read_gc': {'skip': True}, 'rseqc/read_distribution': {'fn': '*.read_distribution.txt'}, 'rseqc/infer_experiment': {'fn': '*.infer_experiment.txt'}, 'rseqc/tin': {'fn': '*.summary.txt'}, 'picard/markdups': {'fn': '*.MarkDuplicates.metrics.txt'}, 'picard/alignment_metrics': {'skip': True}, 'picard/basedistributionbycycle': {'skip': True}, 'picard/gcbias': {'skip': True}, 'picard/hsmetrics': {'skip': True}, 'picard/insertsize': {'skip': True}, 'picard/oxogmetrics': {'skip': True}, 'picard/pcr_metrics': {'skip': True}, 'picard/quality_by_cycle': {'skip': True}, 'picard/quality_score_distribution': {'skip': True}, 'picard/quality_yield_metrics': {'skip': True}, 'picard/rnaseqmetrics': {'skip': True}, 'picard/rrbs_metrics': {'skip': True}, 'picard/sam_file_validation': {'skip': True}, 'picard/variant_calling_metrics': {'skip': True}, 'picard/wgs_metrics': {'skip': True}}]
[2026-10-01 12:52:10,702] multiqc.config                                     [DEBUG  ]  Added to filename clean extensions: [['.sortmerna', '.umi_dedup', '_val', '.markdup', '_primary', '.namesorted', '.umi_extract', {'type': 'remove', 'pattern': '_raw'}, {'type': 'remove', 'pattern': '_trimmed'}, {'type': 'remove', 'pattern': '_filtered'}]]
[2026-10-01 12:52:10,833] multiqc.config                                     [INFO   ]  Loading config settings from: 2/multiqc_sample_merge.yml
[2026-10-01 12:52:10,833] multiqc.config                                     [DEBUG  ]  New config: {'table_sample_merge': {'Read 1': [{'type': 'regex', 'pattern': '(?<=^RAP1_IAA_30M_REP1)_1$'}, {'type': 'regex', 'pattern': '(?<=^WT_REP1)_1$'}, {'type': 'regex', 'pattern': '(?<=^WT_REP2)_1$'}], 'Read 2': [{'type': 'regex', 'pattern': '(?<=^RAP1_IAA_30M_REP1)_2$'}, {'type': 'regex', 'pattern': '(?<=^WT_REP1)_2$'}, {'type': 'regex', 'pattern': '(?<=^WT_REP2)_2$'}]}}
[2026-10-01 12:52:10,833] multiqc.config                                     [DEBUG  ]  Loading sample replace config settings from: name_replacement.txt
[2026-10-01 12:52:10,834] multiqc.config                                     [DEBUG  ]  Found 8 sample replacing patterns
[2026-10-01 12:52:10,842] urllib3.connectionpool                             [DEBUG  ]  Starting new HTTPS connection (1): api.multiqc.info:443
[2026-10-01 12:52:11,014] urllib3.connectionpool                             [DEBUG  ]  https://api.multiqc.info:443 "GET /version?version_multiqc=1.35&version_python=3.14.5&operating_system=Linux&is_docker=True&is_singularity=False&is_conda=True&is_uv=False&is_ci=False&is_notebook=False&ai_summary=False&ai_summary_full=False&ai_provider=seqera HTTP/1.1" 200 178
[2026-10-01 12:52:11,014] multiqc.core.version_check                         [DEBUG  ]  Latest MultiQC version is v1.35, released 2026-05-13
[2026-10-01 12:52:11,015] multiqc.multiqc                                    [DEBUG  ]  Working dir : /home/xkhina/projects/practise_GSE327890/work/53/b044a6a3c96a50013e5a1901b8ec7c
[2026-10-01 12:52:11,015] multiqc.multiqc                                    [DEBUG  ]  Template    : default
[2026-10-01 12:52:11,015] multiqc.multiqc                                    [DEBUG  ]  Command used: /opt/wave/.pixi/envs/default/bin/multiqc --force --config 1/multiqc_config.yml --config 2/multiqc_sample_merge.yml --filename multiqc_report.html --replace-names name_replacement.txt .
[2026-10-01 12:52:11,015] multiqc.core.file_search                           [INFO   ]  Search path: /home/xkhina/projects/practise_GSE327890/work/53/b044a6a3c96a50013e5a1901b8ec7c
[2026-10-01 12:52:11,016] multiqc.core.file_search                           [INFO   ]  Only using modules: bbmap, custom_content, hisat2, kallisto, kraken, picard, preseq, qualimap, rsem, rseqc, salmon, samtools, sortmerna, star, sylphtax, umicollapse, umitools, fastqc, cutadapt, trim_galore, fastp, seqkit, fastqc, bowtie2, fastqc, bowtie2
[2026-10-01 12:52:11,016] multiqc.core.file_search                           [DEBUG  ]  Analysing modules: bbmap, custom_content, hisat2, kallisto, kraken, picard, preseq, qualimap, rsem, rseqc, salmon, samtools, sortmerna, star, sylphtax, umicollapse, umitools, fastqc, cutadapt, trim_galore, fastp, seqkit, fastqc, bowtie2, fastqc, bowtie2
[2026-10-01 12:52:11,016] multiqc.core.file_search                           [DEBUG  ]  Search keys: bbmap, bowtie2, bowtie2, custom_content, cutadapt, fail_mapped_samples, fail_trimmed_samples, fastp, fastqc, fastqc, fastqc, hisat2, kallisto, kraken, multiqc_data, picard, preseq, qualimap, rsem, rseqc, salmon, samtools, seqkit, software_versions, sortmerna, star, sylphtax, trim_galore, umicollapse, umitools
[2026-10-01 12:52:11,017] multiqc.report                                     [DEBUG  ]  Ignored 310 search patterns that didn't match running modules
[2026-10-01 12:52:11,017] multiqc.report                                     [INFO   ]  Skipping 5 file search patterns
[2026-10-01 12:52:11,017] multiqc.report                                     [DEBUG  ]  Skipping search patterns: picard/basedistributionbycycle, picard/sam_file_validation, picard/variant_calling_metrics, rseqc/gene_body_coverage, rseqc/read_gc
[2026-10-01 12:52:11,149] multiqc.report                                     [DEBUG  ]  Summary of files that were skipped by the search: |skipped_module_specific_max_filesize: 9|, |skipped_no_match: 215|
[2026-10-01 12:52:11,151] multiqc.core.exec_modules                          [DEBUG  ]  Running module: bbmap
[2026-10-01 12:52:11,164] multiqc.modules.bbmap.bbmap                        [DEBUG  ]  Parsing 33/RAP1_IAA_30M_REP1.stats.txt
[2026-10-01 12:52:11,164] multiqc.modules.bbmap.bbmap                        [DEBUG  ]  Found bbsplit output for sample RAP1_IAA_30M_REP1 with 2 rows
[2026-10-01 12:52:11,164] multiqc.modules.bbmap.bbmap                        [DEBUG  ]  Parsing 37/RAP1_UNINDUCED_REP1.stats.txt
[2026-10-01 12:52:11,164] multiqc.modules.bbmap.bbmap                        [DEBUG  ]  Found bbsplit output for sample RAP1_UNINDUCED_REP1 with 1 rows
[2026-10-01 12:52:11,164] multiqc.modules.bbmap.bbmap                        [DEBUG  ]  Parsing 34/RAP1_UNINDUCED_REP2.stats.txt
[2026-10-01 12:52:11,164] multiqc.modules.bbmap.bbmap                        [DEBUG  ]  Found bbsplit output for sample RAP1_UNINDUCED_REP2 with 2 rows
[2026-10-01 12:52:11,165] multiqc.modules.bbmap.bbmap                        [DEBUG  ]  Parsing 36/WT_REP1.stats.txt
[2026-10-01 12:52:11,165] multiqc.modules.bbmap.bbmap                        [DEBUG  ]  Found bbsplit output for sample WT_REP1 with 1 rows
[2026-10-01 12:52:11,165] multiqc.modules.bbmap.bbmap                        [DEBUG  ]  Parsing 35/WT_REP2.stats.txt
[2026-10-01 12:52:11,165] multiqc.modules.bbmap.bbmap                        [DEBUG  ]  Found bbsplit output for sample WT_REP2 with 2 rows
[2026-10-01 12:52:11,165] multiqc.modules.bbmap.bbmap                        [INFO   ]  Found 5 reports
[2026-10-01 12:52:11,166] multiqc.report                                     [DEBUG  ]  Wrote data file bbmap.txt
[2026-10-01 12:52:11,166] multiqc.report                                     [DEBUG  ]  Wrote data file bbmap.json
[2026-10-01 12:52:11,166] multiqc.modules.bbmap.bbmap                        [DEBUG  ]  section bbsplit has 5 entries
[2026-10-01 12:52:11,354] multiqc.plots.plot                                 [DEBUG  ]  merge_with_previous for bbmap-bbsplit_plot: found old_data = False
[2026-10-01 12:52:11,354] multiqc.plots.plot                                 [DEBUG  ]  merge_with_previous for bbmap-bbsplit_plot: no old data or empty, using new data only
[2026-10-01 12:52:11,412] multiqc.plots.plot                                 [DEBUG  ]  merge_with_previous for bbsplit_stats_table: found old_data = False
[2026-10-01 12:52:11,412] multiqc.plots.plot                                 [DEBUG  ]  merge_with_previous for bbsplit_stats_table: no old data or empty, using new data only
[2026-10-01 12:52:11,421] multiqc.base_module                                [DEBUG  ]  bbmap: deleting attribute self.mod_data
[2026-10-01 12:52:11,421] multiqc.core.exec_modules                          [DEBUG  ]  Running module: custom_content
[2026-10-01 12:52:11,477] multiqc.validation                                 [WARNING]  warnings while parsing lineplot.pconfig[id='dupradar'].x_lines {color: green, dash: longdash, label: {text: 0.5 RPKM}, value: 0.5, width: 1} (total messages: 2):
• 'dash': 'LongDash' is a deprecated dash style, use 'longdash'
• 'label': Line plot's x_lines or y_lines 'label' field is expected to be a string. Other fields other than 'text' are deprecated and will be ignored
[2026-10-01 12:52:11,478] multiqc.validation                                 [WARNING]  warnings while parsing lineplot.pconfig[id='dupradar'].x_lines {color: red, dash: longdash, label: {text: 1 read/bp}, value: 1000, width: 1} (total messages: 2):
• 'dash': 'LongDash' is a deprecated dash style, use 'longdash'
• 'label': Line plot's x_lines or y_lines 'label' field is expected to be a string. Other fields other than 'text' are deprecated and will be ignored
[2026-10-01 12:52:11,480] multiqc.plots.plot                                 [DEBUG  ]  merge_with_previous for dupradar-section-plot: found old_data = False
[2026-10-01 12:52:11,480] multiqc.plots.plot                                 [DEBUG  ]  merge_with_previous for dupradar-section-plot: no old data or empty, using new data only
[2026-10-01 12:52:11,485] multiqc.report                                     [DEBUG  ]  Wrote data file multiqc_dupradar.txt
[2026-10-01 12:52:11,485] multiqc.report                                     [DEBUG  ]  Wrote data file multiqc_dupradar.json
[2026-10-01 12:52:11,485] multiqc.core.special_case_modules.custom_content   [INFO   ]  dupradar: Found 1 samples (PlotType.LINE)
[2026-10-01 12:52:11,487] multiqc.plots.plot                                 [DEBUG  ]  merge_with_previous for featurecounts_biotype_plot: found old_data = False
[2026-10-01 12:52:11,487] multiqc.plots.plot                                 [DEBUG  ]  merge_with_previous for featurecounts_biotype_plot: no old data or empty, using new data only
[2026-10-01 12:52:11,492] multiqc.report                                     [DEBUG  ]  Wrote data file multiqc_featurecounts_biotype_plot.txt
[2026-10-01 12:52:11,492] multiqc.report                                     [DEBUG  ]  Wrote data file multiqc_featurecounts_biotype_plot.json
[2026-10-01 12:52:11,492] multiqc.core.special_case_modules.custom_content   [INFO   ]  biotype_counts: Found 1 samples (PlotType.BAR)
[2026-10-01 12:52:11,492] multiqc.core.special_case_modules.custom_content   [INFO   ]  DupInt: Found 5 General Statistics columns
[2026-10-01 12:52:11,493] multiqc.core.special_case_modules.custom_content   [INFO   ]  nf-core-rnaseq-methods-description: Found 1 sample (html)
[2026-10-01 12:52:11,493] multiqc.plots.plot                                 [DEBUG  ]  merge_with_previous for salmon_deseq2_clustering-plot: found old_data = False
[2026-10-01 12:52:11,493] multiqc.plots.plot                                 [DEBUG  ]  merge_with_previous for salmon_deseq2_clustering-plot: no old data or empty, using new data only
[2026-10-01 12:52:11,498] multiqc.report                                     [DEBUG  ]  Wrote data file multiqc_salmon_deseq2_clustering.txt
[2026-10-01 12:52:11,499] multiqc.report                                     [DEBUG  ]  Wrote data file multiqc_salmon_deseq2_clustering.json
[2026-10-01 12:52:11,499] multiqc.core.special_case_modules.custom_content   [INFO   ]  salmon_deseq2_clustering: Found 5 samples (PlotType.HEATMAP)
[2026-10-01 12:52:11,499] multiqc.plots.plot                                 [DEBUG  ]  merge_with_previous for salmon_deseq2_pca-plot: found old_data = False
[2026-10-01 12:52:11,499] multiqc.plots.plot                                 [DEBUG  ]  merge_with_previous for salmon_deseq2_pca-plot: no old data or empty, using new data only
[2026-10-01 12:52:11,503] multiqc.report                                     [DEBUG  ]  Wrote data file multiqc_salmon_deseq2_pca.txt
[2026-10-01 12:52:11,504] multiqc.report                                     [DEBUG  ]  Wrote data file multiqc_salmon_deseq2_pca.json
[2026-10-01 12:52:11,504] multiqc.core.special_case_modules.custom_content   [INFO   ]  salmon_deseq2_pca: Found 5 samples (PlotType.SCATTER)
[2026-10-01 12:52:11,505] multiqc.plots.plot                                 [DEBUG  ]  merge_with_previous for star_salmon_deseq2_clustering-plot: found old_data = False
[2026-10-01 12:52:11,505] multiqc.plots.plot                                 [DEBUG  ]  merge_with_previous for star_salmon_deseq2_clustering-plot: no old data or empty, using new data only
[2026-10-01 12:52:11,509] multiqc.report                                     [DEBUG  ]  Wrote data file multiqc_star_salmon_deseq2_clustering.txt
[2026-10-01 12:52:11,510] multiqc.report                                     [DEBUG  ]  Wrote data file multiqc_star_salmon_deseq2_clustering.json
[2026-10-01 12:52:11,510] multiqc.core.special_case_modules.custom_content   [INFO   ]  star_salmon_deseq2_clustering: Found 5 samples (PlotType.HEATMAP)
[2026-10-01 12:52:11,510] multiqc.plots.plot                                 [DEBUG  ]  merge_with_previous for star_salmon_deseq2_pca-plot: found old_data = False
[2026-10-01 12:52:11,510] multiqc.plots.plot                                 [DEBUG  ]  merge_with_previous for star_salmon_deseq2_pca-plot: no old data or empty, using new data only
[2026-10-01 12:52:11,514] multiqc.report                                     [DEBUG  ]  Wrote data file multiqc_star_salmon_deseq2_pca.txt
[2026-10-01 12:52:11,515] multiqc.report                                     [DEBUG  ]  Wrote data file multiqc_star_salmon_deseq2_pca.json
[2026-10-01 12:52:11,515] multiqc.core.special_case_modules.custom_content   [INFO   ]  star_salmon_deseq2_pca: Found 5 samples (PlotType.SCATTER)
[2026-10-01 12:52:11,519] multiqc.plots.plot                                 [DEBUG  ]  merge_with_previous for strand_check_summary_table: found old_data = False
[2026-10-01 12:52:11,519] multiqc.plots.plot                                 [DEBUG  ]  merge_with_previous for strand_check_summary_table: no old data or empty, using new data only
[2026-10-01 12:52:11,526] multiqc.report                                     [DEBUG  ]  Wrote data file multiqc_strand_check_summary_table.txt
[2026-10-01 12:52:11,526] multiqc.report                                     [DEBUG  ]  Wrote data file multiqc_strand_check_summary_table.json
[2026-10-01 12:52:11,527] multiqc.core.special_case_modules.custom_content   [INFO   ]  strand_check_summary: Found 5 samples (PlotType.TABLE)
[2026-10-01 12:52:11,527] multiqc.plots.plot                                 [DEBUG  ]  merge_with_previous for strand_check_composition_bargraph: found old_data = False
[2026-10-01 12:52:11,527] multiqc.plots.plot                                 [DEBUG  ]  merge_with_previous for strand_check_composition_bargraph: no old data or empty, using new data only
[2026-10-01 12:52:11,532] multiqc.report                                     [DEBUG  ]  Wrote data file multiqc_strand_check_composition_bargraph.txt
[2026-10-01 12:52:11,532] multiqc.report                                     [DEBUG  ]  Wrote data file multiqc_strand_check_composition_bargraph.json
[2026-10-01 12:52:11,532] multiqc.report                                     [DEBUG  ]  Wrote data file multiqc_strand_check_composition_bargraph_1.txt
[2026-10-01 12:52:11,532] multiqc.report                                     [DEBUG  ]  Wrote data file multiqc_strand_check_composition_bargraph_1.json
[2026-10-01 12:52:11,533] multiqc.core.special_case_modules.custom_content   [INFO   ]  strand_check_composition: Found 2 samples (PlotType.BAR)
[2026-10-01 12:52:11,533] multiqc.core.special_case_modules.custom_content   [INFO   ]  nf-core-rnaseq-summary: Found 1 sample (html)
[2026-10-01 12:52:11,534] multiqc.core.exec_modules                          [DEBUG  ]  Running module: picard
[2026-10-01 12:52:11,554] multiqc.modules.picard.picard                      [DEBUG  ]  Running picard tool AlignmentSummaryMetrics
[2026-10-01 12:52:11,554] multiqc.modules.picard.picard                      [DEBUG  ]  Running picard tool BaseDistributionByCycleMetrics
[2026-10-01 12:52:11,554] multiqc.modules.picard.picard                      [DEBUG  ]  Running picard tool IlluminaBasecallingMetrics
[2026-10-01 12:52:11,554] multiqc.modules.picard.picard                      [DEBUG  ]  Running picard tool IlluminaLaneMetrics
[2026-10-01 12:52:11,554] multiqc.modules.picard.picard                      [DEBUG  ]  Running picard tool CrosscheckFingerprints
[2026-10-01 12:52:11,554] multiqc.modules.picard.picard                      [DEBUG  ]  Running picard tool ExtractIlluminaBarcodes
[2026-10-01 12:52:11,554] multiqc.modules.picard.picard                      [DEBUG  ]  Running picard tool GcBiasMetrics
[2026-10-01 12:52:11,554] multiqc.modules.picard.picard                      [DEBUG  ]  Running picard tool HsMetrics
[2026-10-01 12:52:11,554] multiqc.modules.picard.picard                      [DEBUG  ]  Running picard tool InsertSizeMetrics
[2026-10-01 12:52:11,554] multiqc.modules.picard.picard                      [DEBUG  ]  Running picard tool MarkDuplicates
[2026-10-01 12:52:11,555] multiqc.report                                     [DEBUG  ]  Wrote data file multiqc_picard_dups.txt
[2026-10-01 12:52:11,556] multiqc.report                                     [DEBUG  ]  Wrote data file multiqc_picard_dups.json
[2026-10-01 12:52:11,556] multiqc.plots.plot                                 [DEBUG  ]  merge_with_previous for picard_deduplication: found old_data = False
[2026-10-01 12:52:11,556] multiqc.plots.plot                                 [DEBUG  ]  merge_with_previous for picard_deduplication: no old data or empty, using new data only
[2026-10-01 12:52:11,562] multiqc.modules.picard.picard                      [INFO   ]  Found 5 MarkDuplicates reports
[2026-10-01 12:52:11,562] multiqc.modules.picard.picard                      [DEBUG  ]  Running picard tool MarkIlluminaAdapters
[2026-10-01 12:52:11,563] multiqc.report                                     [DEBUG  ]  Wrote data file picard_MarkIlluminaAdapters_histogram.txt
[2026-10-01 12:52:11,563] multiqc.report                                     [DEBUG  ]  Wrote data file picard_MarkIlluminaAdapters_histogram.json
[2026-10-01 12:52:11,563] multiqc.modules.picard.picard                      [DEBUG  ]  Running picard tool OxoGMetrics
[2026-10-01 12:52:11,563] multiqc.modules.picard.picard                      [DEBUG  ]  Running picard tool QualityByCycleMetrics
[2026-10-01 12:52:11,563] multiqc.report                                     [DEBUG  ]  Wrote data file picard_MeanQualityByCycle_histogram.txt
[2026-10-01 12:52:11,563] multiqc.report                                     [DEBUG  ]  Wrote data file picard_MeanQualityByCycle_histogram.json
[2026-10-01 12:52:11,563] multiqc.report                                     [DEBUG  ]  Wrote data file picard_MeanQualityByCycle_histogram_1.txt
[2026-10-01 12:52:11,563] multiqc.report                                     [DEBUG  ]  Wrote data file picard_MeanQualityByCycle_histogram_1.json
[2026-10-01 12:52:11,563] multiqc.modules.picard.picard                      [DEBUG  ]  Running picard tool QualityScoreDistributionMetrics
[2026-10-01 12:52:11,563] multiqc.report                                     [DEBUG  ]  Wrote data file picard_QualityScoreDistribution_histogram.txt
[2026-10-01 12:52:11,564] multiqc.report                                     [DEBUG  ]  Wrote data file picard_QualityScoreDistribution_histogram.json
[2026-10-01 12:52:11,564] multiqc.modules.picard.picard                      [DEBUG  ]  Running picard tool QualityYieldMetrics
[2026-10-01 12:52:11,564] multiqc.modules.picard.picard                      [DEBUG  ]  Running picard tool RnaSeqMetrics
[2026-10-01 12:52:11,564] multiqc.modules.picard.picard                      [DEBUG  ]  Running picard tool RrbsSummaryMetrics
[2026-10-01 12:52:11,564] multiqc.modules.picard.picard                      [DEBUG  ]  Running picard tool TargetedPcrMetrics
[2026-10-01 12:52:11,564] multiqc.modules.picard.picard                      [DEBUG  ]  Running picard tool ValidateSamFile
[2026-10-01 12:52:11,564] multiqc.modules.picard.picard                      [DEBUG  ]  Running picard tool VariantCallingMetrics
[2026-10-01 12:52:11,564] multiqc.modules.picard.picard                      [DEBUG  ]  Running picard tool WgsMetrics
[2026-10-01 12:52:11,564] multiqc.base_module                                [DEBUG  ]  picard: deleting attribute self.general_stats_headers
[2026-10-01 12:52:11,564] multiqc.base_module                                [DEBUG  ]  picard: deleting attribute self.general_stats_data
[2026-10-01 12:52:11,564] multiqc.base_module                                [DEBUG  ]  picard: deleting attribute self.samples_parsed_by_tool
[2026-10-01 12:52:11,564] multiqc.core.exec_modules                          [DEBUG  ]  Running module: qualimap
[2026-10-01 12:52:11,573] multiqc.report                                     [DEBUG  ]  Wrote data file qualimap_rnaseq_genome_results.txt
[2026-10-01 12:52:11,573] multiqc.report                                     [DEBUG  ]  Wrote data file qualimap_rnaseq_genome_results.json
[2026-10-01 12:52:11,573] multiqc.plots.plot                                 [DEBUG  ]  merge_with_previous for qualimap_genomic_origin: found old_data = False
[2026-10-01 12:52:11,573] multiqc.plots.plot                                 [DEBUG  ]  merge_with_previous for qualimap_genomic_origin: no old data or empty, using new data only
[2026-10-01 12:52:11,580] multiqc.report                                     [DEBUG  ]  Wrote data file qualimap_rnaseq_cov_hist.txt
[2026-10-01 12:52:11,581] multiqc.report                                     [DEBUG  ]  Wrote data file qualimap_rnaseq_cov_hist.json
[2026-10-01 12:52:11,582] multiqc.plots.plot                                 [DEBUG  ]  merge_with_previous for qualimap_gene_coverage_profile: found old_data = False
[2026-10-01 12:52:11,582] multiqc.plots.plot                                 [DEBUG  ]  merge_with_previous for qualimap_gene_coverage_profile: no old data or empty, using new data only
[2026-10-01 12:52:11,595] multiqc.modules.qualimap.qualimap                  [INFO   ]  Found 5 RNASeq reports
[2026-10-01 12:52:11,595] multiqc.core.exec_modules                          [DEBUG  ]  Running module: rseqc
[2026-10-01 12:52:11,599] multiqc.report                                     [DEBUG  ]  Wrote data file multiqc_rseqc_read_distribution.txt
[2026-10-01 12:52:11,600] multiqc.report                                     [DEBUG  ]  Wrote data file multiqc_rseqc_read_distribution.json
[2026-10-01 12:52:11,600] multiqc.plots.plot                                 [DEBUG  ]  merge_with_previous for rseqc_read_distribution_plot: found old_data = False
[2026-10-01 12:52:11,600] multiqc.plots.plot                                 [DEBUG  ]  merge_with_previous for rseqc_read_distribution_plot: no old data or empty, using new data only
[2026-10-01 12:52:11,606] multiqc.modules.rseqc.rseqc                        [INFO   ]  Found 5 read_distribution reports
[2026-10-01 12:52:11,608] multiqc.report                                     [DEBUG  ]  Wrote data file rseqc_inner_distance.txt
[2026-10-01 12:52:11,609] multiqc.report                                     [DEBUG  ]  Wrote data file rseqc_inner_distance.json
[2026-10-01 12:52:11,611] multiqc.plots.plot                                 [DEBUG  ]  merge_with_previous for rseqc_inner_distance_plot: found old_data = False
[2026-10-01 12:52:11,611] multiqc.plots.plot                                 [DEBUG  ]  merge_with_previous for rseqc_inner_distance_plot: no old data or empty, using new data only
[2026-10-01 12:52:11,615] multiqc.modules.rseqc.rseqc                        [INFO   ]  Found 3 inner_distance reports
[2026-10-01 12:52:11,617] multiqc.report                                     [DEBUG  ]  Wrote data file rseqc_read_dups.txt
[2026-10-01 12:52:11,618] multiqc.report                                     [DEBUG  ]  Wrote data file rseqc_read_dups.json
[2026-10-01 12:52:11,619] multiqc.plots.plot                                 [DEBUG  ]  merge_with_previous for rseqc_read_dups_plot: found old_data = False
[2026-10-01 12:52:11,619] multiqc.plots.plot                                 [DEBUG  ]  merge_with_previous for rseqc_read_dups_plot: no old data or empty, using new data only
[2026-10-01 12:52:11,625] multiqc.modules.rseqc.rseqc                        [INFO   ]  Found 5 read_duplication reports
[2026-10-01 12:52:11,627] multiqc.report                                     [DEBUG  ]  Wrote data file multiqc_rseqc_junction_annotation.txt
[2026-10-01 12:52:11,627] multiqc.report                                     [DEBUG  ]  Wrote data file multiqc_rseqc_junction_annotation.json
[2026-10-01 12:52:11,627] multiqc.plots.plot                                 [DEBUG  ]  merge_with_previous for rseqc_junction_annotation_junctions_plot: found old_data = False
[2026-10-01 12:52:11,627] multiqc.plots.plot                                 [DEBUG  ]  merge_with_previous for rseqc_junction_annotation_junctions_plot: no old data or empty, using new data only
[2026-10-01 12:52:11,635] multiqc.modules.rseqc.rseqc                        [INFO   ]  Found 5 junction_annotation reports
[2026-10-01 12:52:11,637] multiqc.report                                     [DEBUG  ]  Wrote data file rseqc_junction_saturation_all.txt
[2026-10-01 12:52:11,637] multiqc.report                                     [DEBUG  ]  Wrote data file rseqc_junction_saturation_all.json
[2026-10-01 12:52:11,637] multiqc.report                                     [DEBUG  ]  Wrote data file junction_saturation_known.txt
[2026-10-01 12:52:11,638] multiqc.report                                     [DEBUG  ]  Wrote data file junction_saturation_known.json
[2026-10-01 12:52:11,638] multiqc.report                                     [DEBUG  ]  Wrote data file junction_saturation_novel.txt
[2026-10-01 12:52:11,638] multiqc.report                                     [DEBUG  ]  Wrote data file junction_saturation_novel.json
[2026-10-01 12:52:11,639] multiqc.plots.plot                                 [DEBUG  ]  merge_with_previous for rseqc_junction_saturation_plot: found old_data = False
[2026-10-01 12:52:11,640] multiqc.plots.plot                                 [DEBUG  ]  merge_with_previous for rseqc_junction_saturation_plot: no old data or empty, using new data only
[2026-10-01 12:52:11,645] multiqc.modules.rseqc.rseqc                        [INFO   ]  Found 5 junction_saturation reports
[2026-10-01 12:52:11,648] multiqc.report                                     [DEBUG  ]  Wrote data file multiqc_rseqc_infer_experiment.txt
[2026-10-01 12:52:11,648] multiqc.report                                     [DEBUG  ]  Wrote data file multiqc_rseqc_infer_experiment.json
[2026-10-01 12:52:11,648] multiqc.plots.plot                                 [DEBUG  ]  merge_with_previous for rseqc_infer_experiment_plot: found old_data = False
[2026-10-01 12:52:11,648] multiqc.plots.plot                                 [DEBUG  ]  merge_with_previous for rseqc_infer_experiment_plot: no old data or empty, using new data only
[2026-10-01 12:52:11,653] multiqc.modules.rseqc.rseqc                        [INFO   ]  Found 5 infer_experiment reports
[2026-10-01 12:52:11,656] multiqc.report                                     [DEBUG  ]  Wrote data file multiqc_rseqc_bam_stat.txt
[2026-10-01 12:52:11,656] multiqc.report                                     [DEBUG  ]  Wrote data file multiqc_rseqc_bam_stat.json
[2026-10-01 12:52:11,657] multiqc.plots.table_object                         [DEBUG  ]  Table key 'mapq_lt_mapq_cut_non' not found in data for 'rseqc_bam_stat'. Skipping. Check for possible typos between data keys and header keys
[2026-10-01 12:52:11,659] multiqc.plots.plot                                 [DEBUG  ]  merge_with_previous for rseqc_bam_stat: found old_data = False
[2026-10-01 12:52:11,659] multiqc.plots.plot                                 [DEBUG  ]  merge_with_previous for rseqc_bam_stat: no old data or empty, using new data only
[2026-10-01 12:52:11,666] multiqc.modules.rseqc.rseqc                        [INFO   ]  Found 5 bam_stat reports
[2026-10-01 12:52:11,667] multiqc.core.exec_modules                          [DEBUG  ]  Running module: salmon
[2026-10-01 12:52:11,676] multiqc.modules.salmon.salmon                      [INFO   ]  Found 5 meta reports
[2026-10-01 12:52:11,676] multiqc.report                                     [DEBUG  ]  Wrote data file multiqc_salmon.txt
[2026-10-01 12:52:11,676] multiqc.report                                     [DEBUG  ]  Wrote data file multiqc_salmon.json
[2026-10-01 12:52:11,676] multiqc.modules.salmon.salmon                      [INFO   ]  Found 5 fragment length distributions
[2026-10-01 12:52:11,676] multiqc.modules.salmon.salmon                      [INFO   ]  Found 5 library format counts reports
[2026-10-01 12:52:11,679] multiqc.plots.plot                                 [DEBUG  ]  merge_with_previous for salmon_plot: found old_data = False
[2026-10-01 12:52:11,679] multiqc.plots.plot                                 [DEBUG  ]  merge_with_previous for salmon_plot: no old data or empty, using new data only
[2026-10-01 12:52:11,686] multiqc.base_module                                [DEBUG  ]  salmon: deleting attribute self.salmon_meta
[2026-10-01 12:52:11,686] multiqc.base_module                                [DEBUG  ]  salmon: deleting attribute self.salmon_fld
[2026-10-01 12:52:11,687] multiqc.base_module                                [DEBUG  ]  salmon: deleting attribute self.salmon_lfc
[2026-10-01 12:52:11,687] multiqc.core.exec_modules                          [DEBUG  ]  Running module: samtools
[2026-10-01 12:52:11,698] multiqc.plots.plot                                 [DEBUG  ]  merge_with_previous for samtools_alignment_plot: found old_data = False
[2026-10-01 12:52:11,698] multiqc.plots.plot                                 [DEBUG  ]  merge_with_previous for samtools_alignment_plot: no old data or empty, using new data only
[2026-10-01 12:52:11,705] multiqc.plots.plot                                 [DEBUG  ]  merge_with_previous for samtools_insert_size: found old_data = False
[2026-10-01 12:52:11,705] multiqc.plots.plot                                 [DEBUG  ]  merge_with_previous for samtools_insert_size: no old data or empty, using new data only
[2026-10-01 12:52:11,711] multiqc.plots.plot                                 [DEBUG  ]  merge_with_previous for samtools-stats-dp: found old_data = False
[2026-10-01 12:52:11,711] multiqc.plots.plot                                 [DEBUG  ]  merge_with_previous for samtools-stats-dp: no old data or empty, using new data only
[2026-10-01 12:52:11,720] multiqc.report                                     [DEBUG  ]  Wrote data file multiqc_samtools_stats.txt
[2026-10-01 12:52:11,720] multiqc.report                                     [DEBUG  ]  Wrote data file multiqc_samtools_stats.json
[2026-10-01 12:52:11,720] multiqc.modules.samtools.samtools                  [INFO   ]  Found 5 stats reports
[2026-10-01 12:52:11,725] multiqc.plots.plot                                 [DEBUG  ]  merge_with_previous for samtools-flagstat-table: found old_data = False
[2026-10-01 12:52:11,725] multiqc.plots.plot                                 [DEBUG  ]  merge_with_previous for samtools-flagstat-table: no old data or empty, using new data only
[2026-10-01 12:52:11,733] multiqc.plots.plot                                 [DEBUG  ]  merge_with_previous for samtools-flagstat-pct-table: found old_data = False
[2026-10-01 12:52:11,733] multiqc.plots.plot                                 [DEBUG  ]  merge_with_previous for samtools-flagstat-pct-table: no old data or empty, using new data only
[2026-10-01 12:52:11,740] multiqc.report                                     [DEBUG  ]  Wrote data file multiqc_samtools_flagstat.txt
[2026-10-01 12:52:11,741] multiqc.report                                     [DEBUG  ]  Wrote data file multiqc_samtools_flagstat.json
[2026-10-01 12:52:11,741] multiqc.modules.samtools.samtools                  [INFO   ]  Found 5 flagstat reports
[2026-10-01 12:52:11,744] multiqc.plots.plot                                 [DEBUG  ]  merge_with_previous for samtools-idxstats-mapped-reads-plot: found old_data = False
[2026-10-01 12:52:11,744] multiqc.plots.plot                                 [DEBUG  ]  merge_with_previous for samtools-idxstats-mapped-reads-plot: no old data or empty, using new data only
[2026-10-01 12:52:11,748] multiqc.report                                     [DEBUG  ]  Wrote data file multiqc_samtools_idxstats.txt
[2026-10-01 12:52:11,748] multiqc.report                                     [DEBUG  ]  Wrote data file multiqc_samtools_idxstats.json
[2026-10-01 12:52:11,748] multiqc.modules.samtools.samtools                  [INFO   ]  Found 5 idxstats reports
[2026-10-01 12:52:11,749] multiqc.base_module                                [DEBUG  ]  samtools: deleting attribute self.samtools_idxstats
[2026-10-01 12:52:11,749] multiqc.core.exec_modules                          [DEBUG  ]  Running module: star
[2026-10-01 12:52:11,755] multiqc.modules.star.star                          [INFO   ]  Found 5 reports
[2026-10-01 12:52:11,756] multiqc.report                                     [DEBUG  ]  Wrote data file multiqc_star.txt
[2026-10-01 12:52:11,756] multiqc.report                                     [DEBUG  ]  Wrote data file multiqc_star.json
[2026-10-01 12:52:11,759] multiqc.plots.plot                                 [DEBUG  ]  merge_with_previous for star_summary_table: found old_data = False
[2026-10-01 12:52:11,759] multiqc.plots.plot                                 [DEBUG  ]  merge_with_previous for star_summary_table: no old data or empty, using new data only
[2026-10-01 12:52:11,767] multiqc.plots.plot                                 [DEBUG  ]  merge_with_previous for star_alignment_plot: found old_data = False
[2026-10-01 12:52:11,767] multiqc.plots.plot                                 [DEBUG  ]  merge_with_previous for star_alignment_plot: no old data or empty, using new data only
[2026-10-01 12:52:11,772] multiqc.core.exec_modules                          [DEBUG  ]  Running module: fastqc
[2026-10-01 12:52:11,783] multiqc.base_module                                [DEBUG  ]  fastqc/zip - Skipping '38/RAP1_IAA_30M_REP1_filtered_1_fastqc.zip' as it didn't match the path_filters for 'FastQC (raw)'
[2026-10-01 12:52:11,783] multiqc.base_module                                [DEBUG  ]  fastqc/zip - Selecting '72/RAP1_IAA_30M_REP1_raw_1_fastqc.zip' as it matched the path_filters for 'FastQC (raw)'
[2026-10-01 12:52:11,785] multiqc.base_module                                [DEBUG  ]  fastqc/zip - Skipping '23/RAP1_IAA_30M_REP1_trimmed_1_val_1_fastqc.zip' as it didn't match the path_filters for 'FastQC (raw)'
[2026-10-01 12:52:11,785] multiqc.base_module                                [DEBUG  ]  fastqc/zip - Skipping '24/RAP1_IAA_30M_REP1_trimmed_2_val_2_fastqc.zip' as it didn't match the path_filters for 'FastQC (raw)'
[2026-10-01 12:52:11,785] multiqc.base_module                                [DEBUG  ]  fastqc/zip - Skipping '39/RAP1_IAA_30M_REP1_filtered_2_fastqc.zip' as it didn't match the path_filters for 'FastQC (raw)'
[2026-10-01 12:52:11,785] multiqc.base_module                                [DEBUG  ]  fastqc/zip - Selecting '73/RAP1_IAA_30M_REP1_raw_2_fastqc.zip' as it matched the path_filters for 'FastQC (raw)'
[2026-10-01 12:52:11,787] multiqc.base_module                                [DEBUG  ]  fastqc/zip - Skipping '42/RAP1_UNINDUCED_REP1_filtered_fastqc.zip' as it didn't match the path_filters for 'FastQC (raw)'
[2026-10-01 12:52:11,787] multiqc.base_module                                [DEBUG  ]  fastqc/zip - Skipping '10/RAP1_UNINDUCED_REP1_trimmed_trimmed_fastqc.zip' as it didn't match the path_filters for 'FastQC (raw)'
[2026-10-01 12:52:11,787] multiqc.base_module                                [DEBUG  ]  fastqc/zip - Selecting '7/RAP1_UNINDUCED_REP1_raw_fastqc.zip' as it matched the path_filters for 'FastQC (raw)'
[2026-10-01 12:52:11,789] multiqc.base_module                                [DEBUG  ]  fastqc/zip - Skipping '6/RAP1_UNINDUCED_REP2_trimmed_trimmed_fastqc.zip' as it didn't match the path_filters for 'FastQC (raw)'
[2026-10-01 12:52:11,789] multiqc.base_module                                [DEBUG  ]  fastqc/zip - Selecting '3/RAP1_UNINDUCED_REP2_raw_fastqc.zip' as it matched the path_filters for 'FastQC (raw)'
[2026-10-01 12:52:11,791] multiqc.base_module                                [DEBUG  ]  fastqc/zip - Skipping '45/RAP1_UNINDUCED_REP2_filtered_fastqc.zip' as it didn't match the path_filters for 'FastQC (raw)'
[2026-10-01 12:52:11,791] multiqc.base_module                                [DEBUG  ]  fastqc/zip - Skipping '31/WT_REP1_trimmed_1_val_1_fastqc.zip' as it didn't match the path_filters for 'FastQC (raw)'
[2026-10-01 12:52:11,791] multiqc.base_module                                [DEBUG  ]  fastqc/zip - Selecting '25/WT_REP1_raw_1_fastqc.zip' as it matched the path_filters for 'FastQC (raw)'
[2026-10-01 12:52:11,793] multiqc.base_module                                [DEBUG  ]  fastqc/zip - Skipping '43/WT_REP1_filtered_1_fastqc.zip' as it didn't match the path_filters for 'FastQC (raw)'
[2026-10-01 12:52:11,793] multiqc.base_module                                [DEBUG  ]  fastqc/zip - Skipping '44/WT_REP1_filtered_2_fastqc.zip' as it didn't match the path_filters for 'FastQC (raw)'
[2026-10-01 12:52:11,793] multiqc.base_module                                [DEBUG  ]  fastqc/zip - Selecting '26/WT_REP1_raw_2_fastqc.zip' as it matched the path_filters for 'FastQC (raw)'
[2026-10-01 12:52:11,794] multiqc.base_module                                [DEBUG  ]  fastqc/zip - Skipping '32/WT_REP1_trimmed_2_val_2_fastqc.zip' as it didn't match the path_filters for 'FastQC (raw)'
[2026-10-01 12:52:11,794] multiqc.base_module                                [DEBUG  ]  fastqc/zip - Skipping '40/WT_REP2_filtered_1_fastqc.zip' as it didn't match the path_filters for 'FastQC (raw)'
[2026-10-01 12:52:11,795] multiqc.base_module                                [DEBUG  ]  fastqc/zip - Skipping '15/WT_REP2_trimmed_1_val_1_fastqc.zip' as it didn't match the path_filters for 'FastQC (raw)'
[2026-10-01 12:52:11,795] multiqc.base_module                                [DEBUG  ]  fastqc/zip - Selecting '17/WT_REP2_raw_1_fastqc.zip' as it matched the path_filters for 'FastQC (raw)'
[2026-10-01 12:52:11,797] multiqc.base_module                                [DEBUG  ]  fastqc/zip - Skipping '41/WT_REP2_filtered_2_fastqc.zip' as it didn't match the path_filters for 'FastQC (raw)'
[2026-10-01 12:52:11,797] multiqc.base_module                                [DEBUG  ]  fastqc/zip - Skipping '16/WT_REP2_trimmed_2_val_2_fastqc.zip' as it didn't match the path_filters for 'FastQC (raw)'
[2026-10-01 12:52:11,797] multiqc.base_module                                [DEBUG  ]  fastqc/zip - Selecting '18/WT_REP2_raw_2_fastqc.zip' as it matched the path_filters for 'FastQC (raw)'
[2026-10-01 12:52:11,799] multiqc.modules.fastqc.fastqc                      [INFO   ]  Found 8 reports
[2026-10-01 12:52:11,801] multiqc.plots.plot                                 [DEBUG  ]  merge_with_previous for fastqc_raw_sequence_counts_plot: found old_data = False
[2026-10-01 12:52:11,801] multiqc.plots.plot                                 [DEBUG  ]  merge_with_previous for fastqc_raw_sequence_counts_plot: no old data or empty, using new data only
[2026-10-01 12:52:11,810] multiqc.plots.plot                                 [DEBUG  ]  merge_with_previous for fastqc_raw_per_base_sequence_quality_plot: found old_data = False
[2026-10-01 12:52:11,810] multiqc.plots.plot                                 [DEBUG  ]  merge_with_previous for fastqc_raw_per_base_sequence_quality_plot: no old data or empty, using new data only
[2026-10-01 12:52:11,817] multiqc.plots.plot                                 [DEBUG  ]  merge_with_previous for fastqc_raw_per_sequence_quality_scores_plot: found old_data = False
[2026-10-01 12:52:11,817] multiqc.plots.plot                                 [DEBUG  ]  merge_with_previous for fastqc_raw_per_sequence_quality_scores_plot: no old data or empty, using new data only
[2026-10-01 12:52:11,825] multiqc.plots.plot                                 [DEBUG  ]  merge_with_previous for fastqc_raw_per_sequence_gc_content_plot: found old_data = False
[2026-10-01 12:52:11,825] multiqc.plots.plot                                 [DEBUG  ]  merge_with_previous for fastqc_raw_per_sequence_gc_content_plot: no old data or empty, using new data only
[2026-10-01 12:52:11,833] multiqc.plots.plot                                 [DEBUG  ]  merge_with_previous for fastqc_raw_per_base_n_content_plot: found old_data = False
[2026-10-01 12:52:11,833] multiqc.plots.plot                                 [DEBUG  ]  merge_with_previous for fastqc_raw_per_base_n_content_plot: no old data or empty, using new data only
[2026-10-01 12:52:11,838] multiqc.plots.plot                                 [DEBUG  ]  merge_with_previous for fastqc_raw_sequence_duplication_levels_plot: found old_data = False
[2026-10-01 12:52:11,838] multiqc.plots.plot                                 [DEBUG  ]  merge_with_previous for fastqc_raw_sequence_duplication_levels_plot: no old data or empty, using new data only
[2026-10-01 12:52:11,842] multiqc.plots.plot                                 [DEBUG  ]  merge_with_previous for fastqc_raw_overrepresented_sequences_plot: found old_data = False
[2026-10-01 12:52:11,842] multiqc.plots.plot                                 [DEBUG  ]  merge_with_previous for fastqc_raw_overrepresented_sequences_plot: no old data or empty, using new data only
[2026-10-01 12:52:11,849] multiqc.plots.plot                                 [DEBUG  ]  merge_with_previous for fastqc_raw_top_overrepresented_sequences_table: found old_data = False
[2026-10-01 12:52:11,849] multiqc.plots.plot                                 [DEBUG  ]  merge_with_previous for fastqc_raw_top_overrepresented_sequences_table: no old data or empty, using new data only
[2026-10-01 12:52:11,857] multiqc.plots.plot                                 [DEBUG  ]  merge_with_previous for fastqc_raw_adapter_content_plot: found old_data = False
[2026-10-01 12:52:11,857] multiqc.plots.plot                                 [DEBUG  ]  merge_with_previous for fastqc_raw_adapter_content_plot: no old data or empty, using new data only
[2026-10-01 12:52:11,861] multiqc.plots.plot                                 [DEBUG  ]  merge_with_previous for fastqc_raw-status-check-heatmap: found old_data = False
[2026-10-01 12:52:11,861] multiqc.plots.plot                                 [DEBUG  ]  merge_with_previous for fastqc_raw-status-check-heatmap: no old data or empty, using new data only
[2026-10-01 12:52:11,868] multiqc.report                                     [DEBUG  ]  Wrote data file multiqc_fastqc_fastqc_raw.txt
[2026-10-01 12:52:11,868] multiqc.report                                     [DEBUG  ]  Wrote data file multiqc_fastqc_fastqc_raw.json
[2026-10-01 12:52:11,868] multiqc.base_module                                [DEBUG  ]  fastqc_raw: deleting attribute self.order_of_duplication_levels
[2026-10-01 12:52:11,869] multiqc.base_module                                [DEBUG  ]  fastqc_raw: deleting attribute self.status_colours
[2026-10-01 12:52:11,869] multiqc.core.exec_modules                          [DEBUG  ]  Running module: trim_galore
[2026-10-01 12:52:11,876] multiqc.modules.trim_galore.trim_galore            [INFO   ]  Found 8 reports
[2026-10-01 12:52:11,876] multiqc.plots.plot                                 [DEBUG  ]  merge_with_previous for trim_galore_filtered_reads_plot: found old_data = False
[2026-10-01 12:52:11,877] multiqc.plots.plot                                 [DEBUG  ]  merge_with_previous for trim_galore_filtered_reads_plot: no old data or empty, using new data only
[2026-10-01 12:52:11,882] multiqc.plots.plot                                 [DEBUG  ]  merge_with_previous for trim_galore_adapter_length_plot: found old_data = False
[2026-10-01 12:52:11,882] multiqc.plots.plot                                 [DEBUG  ]  merge_with_previous for trim_galore_adapter_length_plot: no old data or empty, using new data only
[2026-10-01 12:52:11,886] multiqc.plots.plot                                 [DEBUG  ]  merge_with_previous for trim_galore_pair_validation_table: found old_data = False
[2026-10-01 12:52:11,886] multiqc.plots.plot                                 [DEBUG  ]  merge_with_previous for trim_galore_pair_validation_table: no old data or empty, using new data only
[2026-10-01 12:52:11,893] multiqc.report                                     [DEBUG  ]  Wrote data file multiqc_trim_galore.txt
[2026-10-01 12:52:11,893] multiqc.report                                     [DEBUG  ]  Wrote data file multiqc_trim_galore.json
[2026-10-01 12:52:11,893] multiqc.core.exec_modules                          [DEBUG  ]  Running module: fastqc
[2026-10-01 12:52:11,895] multiqc.base_module                                [DEBUG  ]  fastqc/zip - Skipping '38/RAP1_IAA_30M_REP1_filtered_1_fastqc.zip' as it didn't match the path_filters for 'FastQC (trimmed)'
[2026-10-01 12:52:11,895] multiqc.base_module                                [DEBUG  ]  fastqc/zip - Skipping '72/RAP1_IAA_30M_REP1_raw_1_fastqc.zip' as it didn't match the path_filters for 'FastQC (trimmed)'
[2026-10-01 12:52:11,895] multiqc.base_module                                [DEBUG  ]  fastqc/zip - Selecting '23/RAP1_IAA_30M_REP1_trimmed_1_val_1_fastqc.zip' as it matched the path_filters for 'FastQC (trimmed)'
[2026-10-01 12:52:11,898] multiqc.base_module                                [DEBUG  ]  fastqc/zip - Selecting '24/RAP1_IAA_30M_REP1_trimmed_2_val_2_fastqc.zip' as it matched the path_filters for 'FastQC (trimmed)'
[2026-10-01 12:52:11,900] multiqc.base_module                                [DEBUG  ]  fastqc/zip - Skipping '39/RAP1_IAA_30M_REP1_filtered_2_fastqc.zip' as it didn't match the path_filters for 'FastQC (trimmed)'
[2026-10-01 12:52:11,901] multiqc.base_module                                [DEBUG  ]  fastqc/zip - Skipping '73/RAP1_IAA_30M_REP1_raw_2_fastqc.zip' as it didn't match the path_filters for 'FastQC (trimmed)'
[2026-10-01 12:52:11,901] multiqc.base_module                                [DEBUG  ]  fastqc/zip - Skipping '42/RAP1_UNINDUCED_REP1_filtered_fastqc.zip' as it didn't match the path_filters for 'FastQC (trimmed)'
[2026-10-01 12:52:11,901] multiqc.base_module                                [DEBUG  ]  fastqc/zip - Selecting '10/RAP1_UNINDUCED_REP1_trimmed_trimmed_fastqc.zip' as it matched the path_filters for 'FastQC (trimmed)'
[2026-10-01 12:52:11,903] multiqc.base_module                                [DEBUG  ]  fastqc/zip - Skipping '7/RAP1_UNINDUCED_REP1_raw_fastqc.zip' as it didn't match the path_filters for 'FastQC (trimmed)'
[2026-10-01 12:52:11,903] multiqc.base_module                                [DEBUG  ]  fastqc/zip - Selecting '6/RAP1_UNINDUCED_REP2_trimmed_trimmed_fastqc.zip' as it matched the path_filters for 'FastQC (trimmed)'
[2026-10-01 12:52:11,905] multiqc.base_module                                [DEBUG  ]  fastqc/zip - Skipping '3/RAP1_UNINDUCED_REP2_raw_fastqc.zip' as it didn't match the path_filters for 'FastQC (trimmed)'
[2026-10-01 12:52:11,905] multiqc.base_module                                [DEBUG  ]  fastqc/zip - Skipping '45/RAP1_UNINDUCED_REP2_filtered_fastqc.zip' as it didn't match the path_filters for 'FastQC (trimmed)'
[2026-10-01 12:52:11,905] multiqc.base_module                                [DEBUG  ]  fastqc/zip - Selecting '31/WT_REP1_trimmed_1_val_1_fastqc.zip' as it matched the path_filters for 'FastQC (trimmed)'
[2026-10-01 12:52:11,907] multiqc.base_module                                [DEBUG  ]  fastqc/zip - Skipping '25/WT_REP1_raw_1_fastqc.zip' as it didn't match the path_filters for 'FastQC (trimmed)'
[2026-10-01 12:52:11,907] multiqc.base_module                                [DEBUG  ]  fastqc/zip - Skipping '43/WT_REP1_filtered_1_fastqc.zip' as it didn't match the path_filters for 'FastQC (trimmed)'
[2026-10-01 12:52:11,907] multiqc.base_module                                [DEBUG  ]  fastqc/zip - Skipping '44/WT_REP1_filtered_2_fastqc.zip' as it didn't match the path_filters for 'FastQC (trimmed)'
[2026-10-01 12:52:11,907] multiqc.base_module                                [DEBUG  ]  fastqc/zip - Skipping '26/WT_REP1_raw_2_fastqc.zip' as it didn't match the path_filters for 'FastQC (trimmed)'
[2026-10-01 12:52:11,907] multiqc.base_module                                [DEBUG  ]  fastqc/zip - Selecting '32/WT_REP1_trimmed_2_val_2_fastqc.zip' as it matched the path_filters for 'FastQC (trimmed)'
[2026-10-01 12:52:11,909] multiqc.base_module                                [DEBUG  ]  fastqc/zip - Skipping '40/WT_REP2_filtered_1_fastqc.zip' as it didn't match the path_filters for 'FastQC (trimmed)'
[2026-10-01 12:52:11,909] multiqc.base_module                                [DEBUG  ]  fastqc/zip - Selecting '15/WT_REP2_trimmed_1_val_1_fastqc.zip' as it matched the path_filters for 'FastQC (trimmed)'
[2026-10-01 12:52:11,911] multiqc.base_module                                [DEBUG  ]  fastqc/zip - Skipping '17/WT_REP2_raw_1_fastqc.zip' as it didn't match the path_filters for 'FastQC (trimmed)'
[2026-10-01 12:52:11,911] multiqc.base_module                                [DEBUG  ]  fastqc/zip - Skipping '41/WT_REP2_filtered_2_fastqc.zip' as it didn't match the path_filters for 'FastQC (trimmed)'
[2026-10-01 12:52:11,911] multiqc.base_module                                [DEBUG  ]  fastqc/zip - Selecting '16/WT_REP2_trimmed_2_val_2_fastqc.zip' as it matched the path_filters for 'FastQC (trimmed)'
[2026-10-01 12:52:11,914] multiqc.base_module                                [DEBUG  ]  fastqc/zip - Skipping '18/WT_REP2_raw_2_fastqc.zip' as it didn't match the path_filters for 'FastQC (trimmed)'
[2026-10-01 12:52:11,914] multiqc.modules.fastqc.fastqc                      [INFO   ]  Found 8 reports
[2026-10-01 12:52:11,915] multiqc.plots.plot                                 [DEBUG  ]  merge_with_previous for fastqc_trimmed_sequence_counts_plot: found old_data = False
[2026-10-01 12:52:11,915] multiqc.plots.plot                                 [DEBUG  ]  merge_with_previous for fastqc_trimmed_sequence_counts_plot: no old data or empty, using new data only
[2026-10-01 12:52:11,923] multiqc.plots.plot                                 [DEBUG  ]  merge_with_previous for fastqc_trimmed_per_base_sequence_quality_plot: found old_data = False
[2026-10-01 12:52:11,923] multiqc.plots.plot                                 [DEBUG  ]  merge_with_previous for fastqc_trimmed_per_base_sequence_quality_plot: no old data or empty, using new data only
[2026-10-01 12:52:11,928] multiqc.plots.plot                                 [DEBUG  ]  merge_with_previous for fastqc_trimmed_per_sequence_quality_scores_plot: found old_data = False
[2026-10-01 12:52:11,928] multiqc.plots.plot                                 [DEBUG  ]  merge_with_previous for fastqc_trimmed_per_sequence_quality_scores_plot: no old data or empty, using new data only
[2026-10-01 12:52:11,940] multiqc.plots.plot                                 [DEBUG  ]  merge_with_previous for fastqc_trimmed_per_sequence_gc_content_plot: found old_data = False
[2026-10-01 12:52:11,940] multiqc.plots.plot                                 [DEBUG  ]  merge_with_previous for fastqc_trimmed_per_sequence_gc_content_plot: no old data or empty, using new data only
[2026-10-01 12:52:11,948] multiqc.plots.plot                                 [DEBUG  ]  merge_with_previous for fastqc_trimmed_per_base_n_content_plot: found old_data = False
[2026-10-01 12:52:11,948] multiqc.plots.plot                                 [DEBUG  ]  merge_with_previous for fastqc_trimmed_per_base_n_content_plot: no old data or empty, using new data only
[2026-10-01 12:52:11,957] multiqc.plots.plot                                 [DEBUG  ]  merge_with_previous for fastqc_sequence_length_distribution_plot: found old_data = False
[2026-10-01 12:52:11,957] multiqc.plots.plot                                 [DEBUG  ]  merge_with_previous for fastqc_sequence_length_distribution_plot: no old data or empty, using new data only
[2026-10-01 12:52:11,963] multiqc.plots.plot                                 [DEBUG  ]  merge_with_previous for fastqc_trimmed_sequence_duplication_levels_plot: found old_data = False
[2026-10-01 12:52:11,963] multiqc.plots.plot                                 [DEBUG  ]  merge_with_previous for fastqc_trimmed_sequence_duplication_levels_plot: no old data or empty, using new data only
[2026-10-01 12:52:11,970] multiqc.plots.plot                                 [DEBUG  ]  merge_with_previous for fastqc_trimmed_overrepresented_sequences_plot: found old_data = False
[2026-10-01 12:52:11,970] multiqc.plots.plot                                 [DEBUG  ]  merge_with_previous for fastqc_trimmed_overrepresented_sequences_plot: no old data or empty, using new data only
[2026-10-01 12:52:11,979] multiqc.plots.plot                                 [DEBUG  ]  merge_with_previous for fastqc_trimmed_top_overrepresented_sequences_table: found old_data = False
[2026-10-01 12:52:11,979] multiqc.plots.plot                                 [DEBUG  ]  merge_with_previous for fastqc_trimmed_top_overrepresented_sequences_table: no old data or empty, using new data only
[2026-10-01 12:52:11,989] multiqc.plots.plot                                 [DEBUG  ]  merge_with_previous for fastqc_trimmed-status-check-heatmap: found old_data = False
[2026-10-01 12:52:11,989] multiqc.plots.plot                                 [DEBUG  ]  merge_with_previous for fastqc_trimmed-status-check-heatmap: no old data or empty, using new data only
[2026-10-01 12:52:11,993] multiqc.report                                     [DEBUG  ]  Wrote data file multiqc_fastqc_fastqc_trimmed.txt
[2026-10-01 12:52:11,994] multiqc.report                                     [DEBUG  ]  Wrote data file multiqc_fastqc_fastqc_trimmed.json
[2026-10-01 12:52:11,995] multiqc.base_module                                [DEBUG  ]  fastqc_trimmed: deleting attribute self.order_of_duplication_levels
[2026-10-01 12:52:11,995] multiqc.base_module                                [DEBUG  ]  fastqc_trimmed: deleting attribute self.status_colours
[2026-10-01 12:52:11,995] multiqc.core.exec_modules                          [DEBUG  ]  Running module: fastqc
[2026-10-01 12:52:11,996] multiqc.base_module                                [DEBUG  ]  fastqc/zip - Selecting '38/RAP1_IAA_30M_REP1_filtered_1_fastqc.zip' as it matched the path_filters for 'FastQC (filtered)'
[2026-10-01 12:52:11,998] multiqc.base_module                                [DEBUG  ]  fastqc/zip - Skipping '72/RAP1_IAA_30M_REP1_raw_1_fastqc.zip' as it didn't match the path_filters for 'FastQC (filtered)'
[2026-10-01 12:52:11,999] multiqc.base_module                                [DEBUG  ]  fastqc/zip - Skipping '23/RAP1_IAA_30M_REP1_trimmed_1_val_1_fastqc.zip' as it didn't match the path_filters for 'FastQC (filtered)'
[2026-10-01 12:52:11,999] multiqc.base_module                                [DEBUG  ]  fastqc/zip - Skipping '24/RAP1_IAA_30M_REP1_trimmed_2_val_2_fastqc.zip' as it didn't match the path_filters for 'FastQC (filtered)'
[2026-10-01 12:52:11,999] multiqc.base_module                                [DEBUG  ]  fastqc/zip - Selecting '39/RAP1_IAA_30M_REP1_filtered_2_fastqc.zip' as it matched the path_filters for 'FastQC (filtered)'
[2026-10-01 12:52:12,000] multiqc.base_module                                [DEBUG  ]  fastqc/zip - Skipping '73/RAP1_IAA_30M_REP1_raw_2_fastqc.zip' as it didn't match the path_filters for 'FastQC (filtered)'
[2026-10-01 12:52:12,000] multiqc.base_module                                [DEBUG  ]  fastqc/zip - Selecting '42/RAP1_UNINDUCED_REP1_filtered_fastqc.zip' as it matched the path_filters for 'FastQC (filtered)'
[2026-10-01 12:52:12,002] multiqc.base_module                                [DEBUG  ]  fastqc/zip - Skipping '10/RAP1_UNINDUCED_REP1_trimmed_trimmed_fastqc.zip' as it didn't match the path_filters for 'FastQC (filtered)'
[2026-10-01 12:52:12,002] multiqc.base_module                                [DEBUG  ]  fastqc/zip - Skipping '7/RAP1_UNINDUCED_REP1_raw_fastqc.zip' as it didn't match the path_filters for 'FastQC (filtered)'
[2026-10-01 12:52:12,002] multiqc.base_module                                [DEBUG  ]  fastqc/zip - Skipping '6/RAP1_UNINDUCED_REP2_trimmed_trimmed_fastqc.zip' as it didn't match the path_filters for 'FastQC (filtered)'
[2026-10-01 12:52:12,002] multiqc.base_module                                [DEBUG  ]  fastqc/zip - Skipping '3/RAP1_UNINDUCED_REP2_raw_fastqc.zip' as it didn't match the path_filters for 'FastQC (filtered)'
[2026-10-01 12:52:12,002] multiqc.base_module                                [DEBUG  ]  fastqc/zip - Selecting '45/RAP1_UNINDUCED_REP2_filtered_fastqc.zip' as it matched the path_filters for 'FastQC (filtered)'
[2026-10-01 12:52:12,006] multiqc.base_module                                [DEBUG  ]  fastqc/zip - Skipping '31/WT_REP1_trimmed_1_val_1_fastqc.zip' as it didn't match the path_filters for 'FastQC (filtered)'
[2026-10-01 12:52:12,006] multiqc.base_module                                [DEBUG  ]  fastqc/zip - Skipping '25/WT_REP1_raw_1_fastqc.zip' as it didn't match the path_filters for 'FastQC (filtered)'
[2026-10-01 12:52:12,006] multiqc.base_module                                [DEBUG  ]  fastqc/zip - Selecting '43/WT_REP1_filtered_1_fastqc.zip' as it matched the path_filters for 'FastQC (filtered)'
[2026-10-01 12:52:12,008] multiqc.base_module                                [DEBUG  ]  fastqc/zip - Selecting '44/WT_REP1_filtered_2_fastqc.zip' as it matched the path_filters for 'FastQC (filtered)'
[2026-10-01 12:52:12,010] multiqc.base_module                                [DEBUG  ]  fastqc/zip - Skipping '26/WT_REP1_raw_2_fastqc.zip' as it didn't match the path_filters for 'FastQC (filtered)'
[2026-10-01 12:52:12,010] multiqc.base_module                                [DEBUG  ]  fastqc/zip - Skipping '32/WT_REP1_trimmed_2_val_2_fastqc.zip' as it didn't match the path_filters for 'FastQC (filtered)'
[2026-10-01 12:52:12,010] multiqc.base_module                                [DEBUG  ]  fastqc/zip - Selecting '40/WT_REP2_filtered_1_fastqc.zip' as it matched the path_filters for 'FastQC (filtered)'
[2026-10-01 12:52:12,012] multiqc.base_module                                [DEBUG  ]  fastqc/zip - Skipping '15/WT_REP2_trimmed_1_val_1_fastqc.zip' as it didn't match the path_filters for 'FastQC (filtered)'
[2026-10-01 12:52:12,012] multiqc.base_module                                [DEBUG  ]  fastqc/zip - Skipping '17/WT_REP2_raw_1_fastqc.zip' as it didn't match the path_filters for 'FastQC (filtered)'
[2026-10-01 12:52:12,012] multiqc.base_module                                [DEBUG  ]  fastqc/zip - Selecting '41/WT_REP2_filtered_2_fastqc.zip' as it matched the path_filters for 'FastQC (filtered)'
[2026-10-01 12:52:12,014] multiqc.base_module                                [DEBUG  ]  fastqc/zip - Skipping '16/WT_REP2_trimmed_2_val_2_fastqc.zip' as it didn't match the path_filters for 'FastQC (filtered)'
[2026-10-01 12:52:12,015] multiqc.base_module                                [DEBUG  ]  fastqc/zip - Skipping '18/WT_REP2_raw_2_fastqc.zip' as it didn't match the path_filters for 'FastQC (filtered)'
[2026-10-01 12:52:12,015] multiqc.modules.fastqc.fastqc                      [INFO   ]  Found 8 reports
[2026-10-01 12:52:12,016] multiqc.plots.plot                                 [DEBUG  ]  merge_with_previous for fastqc_filtered_sequence_counts_plot: found old_data = False
[2026-10-01 12:52:12,016] multiqc.plots.plot                                 [DEBUG  ]  merge_with_previous for fastqc_filtered_sequence_counts_plot: no old data or empty, using new data only
[2026-10-01 12:52:12,025] multiqc.plots.plot                                 [DEBUG  ]  merge_with_previous for fastqc_filtered_per_base_sequence_quality_plot: found old_data = False
[2026-10-01 12:52:12,025] multiqc.plots.plot                                 [DEBUG  ]  merge_with_previous for fastqc_filtered_per_base_sequence_quality_plot: no old data or empty, using new data only
[2026-10-01 12:52:12,031] multiqc.plots.plot                                 [DEBUG  ]  merge_with_previous for fastqc_filtered_per_sequence_quality_scores_plot: found old_data = False
[2026-10-01 12:52:12,031] multiqc.plots.plot                                 [DEBUG  ]  merge_with_previous for fastqc_filtered_per_sequence_quality_scores_plot: no old data or empty, using new data only
[2026-10-01 12:52:12,040] multiqc.plots.plot                                 [DEBUG  ]  merge_with_previous for fastqc_filtered_per_sequence_gc_content_plot: found old_data = False
[2026-10-01 12:52:12,041] multiqc.plots.plot                                 [DEBUG  ]  merge_with_previous for fastqc_filtered_per_sequence_gc_content_plot: no old data or empty, using new data only
[2026-10-01 12:52:12,050] multiqc.plots.plot                                 [DEBUG  ]  merge_with_previous for fastqc_filtered_per_base_n_content_plot: found old_data = False
[2026-10-01 12:52:12,050] multiqc.plots.plot                                 [DEBUG  ]  merge_with_previous for fastqc_filtered_per_base_n_content_plot: no old data or empty, using new data only
[2026-10-01 12:52:12,058] multiqc.plots.plot                                 [DEBUG  ]  merge_with_previous for fastqc_sequence_length_distribution_plot-1: found old_data = False
[2026-10-01 12:52:12,058] multiqc.plots.plot                                 [DEBUG  ]  merge_with_previous for fastqc_sequence_length_distribution_plot-1: no old data or empty, using new data only
[2026-10-01 12:52:12,065] multiqc.plots.plot                                 [DEBUG  ]  merge_with_previous for fastqc_filtered_sequence_duplication_levels_plot: found old_data = False
[2026-10-01 12:52:12,065] multiqc.plots.plot                                 [DEBUG  ]  merge_with_previous for fastqc_filtered_sequence_duplication_levels_plot: no old data or empty, using new data only
[2026-10-01 12:52:12,070] multiqc.plots.plot                                 [DEBUG  ]  merge_with_previous for fastqc_filtered_overrepresented_sequences_plot: found old_data = False
[2026-10-01 12:52:12,071] multiqc.plots.plot                                 [DEBUG  ]  merge_with_previous for fastqc_filtered_overrepresented_sequences_plot: no old data or empty, using new data only
[2026-10-01 12:52:12,078] multiqc.plots.plot                                 [DEBUG  ]  merge_with_previous for fastqc_filtered_top_overrepresented_sequences_table: found old_data = False
[2026-10-01 12:52:12,078] multiqc.plots.plot                                 [DEBUG  ]  merge_with_previous for fastqc_filtered_top_overrepresented_sequences_table: no old data or empty, using new data only
[2026-10-01 12:52:12,088] multiqc.plots.plot                                 [DEBUG  ]  merge_with_previous for fastqc_filtered-status-check-heatmap: found old_data = False
[2026-10-01 12:52:12,088] multiqc.plots.plot                                 [DEBUG  ]  merge_with_previous for fastqc_filtered-status-check-heatmap: no old data or empty, using new data only
[2026-10-01 12:52:12,095] multiqc.report                                     [DEBUG  ]  Wrote data file multiqc_fastqc_fastqc_filtered.txt
[2026-10-01 12:52:12,096] multiqc.report                                     [DEBUG  ]  Wrote data file multiqc_fastqc_fastqc_filtered.json
[2026-10-01 12:52:12,096] multiqc.base_module                                [DEBUG  ]  fastqc_filtered: deleting attribute self.order_of_duplication_levels
[2026-10-01 12:52:12,096] multiqc.base_module                                [DEBUG  ]  fastqc_filtered: deleting attribute self.status_colours
[2026-10-01 12:52:12,096] multiqc.core.software_versions                     [DEBUG  ]  Reading software versions from config.software_versions
[2026-10-01 12:52:12,097] multiqc.core.software_versions                     [DEBUG  ]  Reading software versions settings from: 137/nf_core_rnaseq_software_mqc_versions.yml
[2026-10-01 12:52:12,104] multiqc.core.file_search                           [INFO   ]  Only using modules: bbmap, picard, qualimap, rseqc, salmon, samtools, star, fastqc, trim_galore, fastqc, fastqc, dupradar, biotype_counts, nf-core-rnaseq-methods-description, sample-relationships, strandedness, nf-core-rnaseq-summary
[2026-10-01 12:52:12,105] multiqc.report                                     [DEBUG  ]  Wrote data file multiqc_software_versions.txt
[2026-10-01 12:52:12,106] multiqc.core.order_modules_and_sections            [DEBUG  ]  config.report_section_order: module 'sample-status' not found.
[2026-10-01 12:52:12,106] multiqc.core.order_modules_and_sections            [DEBUG  ]  config.report_section_order: module 'fail_trimmed_samples-module' not found.
[2026-10-01 12:52:12,106] multiqc.core.order_modules_and_sections            [DEBUG  ]  config.report_section_order: module 'fail_mapped_samples-module' not found.
[2026-10-01 12:52:12,106] multiqc.core.order_modules_and_sections            [DEBUG  ]  config.report_section_order: module 'strand_check_summary-module' not found.
[2026-10-01 12:52:12,106] multiqc.core.order_modules_and_sections            [DEBUG  ]  config.report_section_order: module 'strand_check_composition-module' not found.
[2026-10-01 12:52:12,106] multiqc.core.order_modules_and_sections            [DEBUG  ]  config.report_section_order: module 'cutadapt' not found.
[2026-10-01 12:52:12,106] multiqc.core.order_modules_and_sections            [DEBUG  ]  config.report_section_order: module 'fastp' not found.
[2026-10-01 12:52:12,106] multiqc.core.order_modules_and_sections            [DEBUG  ]  config.report_section_order: module 'bowtie2_rrna' not found.
[2026-10-01 12:52:12,106] multiqc.core.order_modules_and_sections            [DEBUG  ]  config.report_section_order: module 'hisat2' not found.
[2026-10-01 12:52:12,106] multiqc.core.order_modules_and_sections            [DEBUG  ]  config.report_section_order: module 'bowtie2_alignment' not found.
[2026-10-01 12:52:12,106] multiqc.core.order_modules_and_sections            [DEBUG  ]  config.report_section_order: module 'featurecounts_biotype' not found.
[2026-10-01 12:52:12,106] multiqc.core.order_modules_and_sections            [DEBUG  ]  config.report_section_order: module 'preseq' not found.
[2026-10-01 12:52:12,106] multiqc.core.order_modules_and_sections            [DEBUG  ]  config.report_section_order: module 'umitools' not found.
[2026-10-01 12:52:12,106] multiqc.core.order_modules_and_sections            [DEBUG  ]  config.report_section_order: module 'rsem' not found.
[2026-10-01 12:52:12,106] multiqc.core.order_modules_and_sections            [DEBUG  ]  config.report_section_order: module 'kallisto' not found.
[2026-10-01 12:52:12,106] multiqc.core.order_modules_and_sections            [DEBUG  ]  config.report_section_order: module 'star_salmon_deseq2_pca' not found.
[2026-10-01 12:52:12,106] multiqc.core.order_modules_and_sections            [DEBUG  ]  config.report_section_order: module 'star_salmon_deseq2_clustering' not found.
[2026-10-01 12:52:12,106] multiqc.core.order_modules_and_sections            [DEBUG  ]  config.report_section_order: module 'salmon_deseq2_pca' not found.
[2026-10-01 12:52:12,106] multiqc.core.order_modules_and_sections            [DEBUG  ]  config.report_section_order: module 'salmon_deseq2_clustering' not found.
[2026-10-01 12:52:12,106] multiqc.core.order_modules_and_sections            [DEBUG  ]  config.report_section_order: module 'star_rsem_deseq2_pca' not found.
[2026-10-01 12:52:12,106] multiqc.core.order_modules_and_sections            [DEBUG  ]  config.report_section_order: module 'star_rsem_deseq2_clustering' not found.
[2026-10-01 12:52:12,106] multiqc.core.order_modules_and_sections            [DEBUG  ]  config.report_section_order: module 'software_versions' not found.
[2026-10-01 12:52:12,106] multiqc.core.write_results                         [INFO   ]  Rendering plots. Export plots to formats png, svg, pdf is requested, so it might take a while. To disable plot export, set `export_plots: false` in config, or remove the `--export-plots` command line flag
[2026-10-01 12:52:35,660] multiqc.plots.plot                                 [DEBUG  ]  merge_with_previous for general_stats_table: found old_data = False
[2026-10-01 12:52:35,660] multiqc.plots.plot                                 [DEBUG  ]  merge_with_previous for general_stats_table: no old data or empty, using new data only
[2026-10-01 12:52:35,691] multiqc.report                                     [DEBUG  ]  Wrote data file multiqc_general_stats.txt
[2026-10-01 12:52:35,692] multiqc.report                                     [DEBUG  ]  Wrote data file multiqc_general_stats.json
[2026-10-01 12:52:35,698] multiqc.utils.mqc_colour                           [WARNING]  Error converting color '55,126,184' to RGB: input #55,126,184 is not in #RRGGBB format
[2026-10-01 12:52:35,699] multiqc.utils.mqc_colour                           [WARNING]  Error converting color '55,126,184' to RGB: input #55,126,184 is not in #RRGGBB format
[2026-10-01 12:52:35,699] multiqc.utils.mqc_colour                           [WARNING]  Error converting color '77,175,74' to RGB: input #77,175,74 is not in #RRGGBB format
[2026-10-01 12:52:35,700] multiqc.utils.mqc_colour                           [WARNING]  Error converting color '152,78,163' to RGB: input #152,78,163 is not in #RRGGBB format
[2026-10-01 12:52:35,701] multiqc.utils.mqc_colour                           [WARNING]  Error converting color '255,127,0' to RGB: input #255,127,0 is not in #RRGGBB format
[2026-10-01 12:52:35,702] multiqc.utils.mqc_colour                           [WARNING]  Error converting color '255,127,0' to RGB: input #255,127,0 is not in #RRGGBB format
[2026-10-01 12:52:35,703] multiqc.utils.mqc_colour                           [WARNING]  Error converting color '228,26,28' to RGB: input #228,26,28 is not in #RRGGBB format
[2026-10-01 12:52:35,704] multiqc.utils.mqc_colour                           [WARNING]  Error converting color '179,179,50' to RGB: input #179,179,50 is not in #RRGGBB format
[2026-10-01 12:52:35,705] multiqc.utils.mqc_colour                           [WARNING]  Error converting color '179,179,50' to RGB: input #179,179,50 is not in #RRGGBB format
[2026-10-01 12:52:35,707] multiqc.utils.mqc_colour                           [WARNING]  Error converting color '179,179,50' to RGB: input #179,179,50 is not in #RRGGBB format
[2026-10-01 12:52:35,708] multiqc.utils.mqc_colour                           [WARNING]  Error converting color '166,86,40' to RGB: input #166,86,40 is not in #RRGGBB format
[2026-10-01 12:52:35,709] multiqc.utils.mqc_colour                           [WARNING]  Error converting color '166,86,40' to RGB: input #166,86,40 is not in #RRGGBB format
[2026-10-01 12:52:35,710] multiqc.utils.mqc_colour                           [WARNING]  Error converting color '247,129,191' to RGB: input #247,129,191 is not in #RRGGBB format
[2026-10-01 12:52:35,711] multiqc.utils.mqc_colour                           [WARNING]  Error converting color '247,129,191' to RGB: input #247,129,191 is not in #RRGGBB format
[2026-10-01 12:52:35,712] multiqc.utils.mqc_colour                           [WARNING]  Error converting color '247,129,191' to RGB: input #247,129,191 is not in #RRGGBB format
[2026-10-01 12:52:35,713] multiqc.utils.mqc_colour                           [WARNING]  Error converting color '247,129,191' to RGB: input #247,129,191 is not in #RRGGBB format
[2026-10-01 12:52:35,714] multiqc.utils.mqc_colour                           [WARNING]  Error converting color '247,129,191' to RGB: input #247,129,191 is not in #RRGGBB format
[2026-10-01 12:52:35,714] multiqc.utils.mqc_colour                           [WARNING]  Error converting color '247,129,191' to RGB: input #247,129,191 is not in #RRGGBB format
[2026-10-01 12:52:35,715] multiqc.utils.mqc_colour                           [WARNING]  Error converting color '153,153,153' to RGB: input #153,153,153 is not in #RRGGBB format
[2026-10-01 12:52:35,716] multiqc.utils.mqc_colour                           [WARNING]  Error converting color '55,126,184' to RGB: input #55,126,184 is not in #RRGGBB format
[2026-10-01 12:52:35,717] multiqc.utils.mqc_colour                           [WARNING]  Error converting color '55,126,184' to RGB: input #55,126,184 is not in #RRGGBB format
[2026-10-01 12:52:35,718] multiqc.utils.mqc_colour                           [WARNING]  Error converting color '77,175,74' to RGB: input #77,175,74 is not in #RRGGBB format
[2026-10-01 12:52:35,719] multiqc.utils.mqc_colour                           [WARNING]  Error converting color '77,175,74' to RGB: input #77,175,74 is not in #RRGGBB format
[2026-10-01 12:52:35,720] multiqc.utils.mqc_colour                           [WARNING]  Error converting color '152,78,163' to RGB: input #152,78,163 is not in #RRGGBB format
[2026-10-01 12:52:35,722] multiqc.utils.mqc_colour                           [WARNING]  Error converting color '152,78,163' to RGB: input #152,78,163 is not in #RRGGBB format
[2026-10-01 12:52:35,723] multiqc.utils.mqc_colour                           [WARNING]  Error converting color '152,78,163' to RGB: input #152,78,163 is not in #RRGGBB format
[2026-10-01 12:52:35,724] multiqc.utils.mqc_colour                           [WARNING]  Error converting color '152,78,163' to RGB: input #152,78,163 is not in #RRGGBB format
[2026-10-01 12:52:35,725] multiqc.utils.mqc_colour                           [WARNING]  Error converting color '255,127,0' to RGB: input #255,127,0 is not in #RRGGBB format
[2026-10-01 12:52:35,726] multiqc.utils.mqc_colour                           [WARNING]  Error converting color '255,127,0' to RGB: input #255,127,0 is not in #RRGGBB format
[2026-10-01 12:52:35,727] multiqc.utils.mqc_colour                           [WARNING]  Error converting color '228,26,28' to RGB: input #228,26,28 is not in #RRGGBB format
[2026-10-01 12:52:35,728] multiqc.utils.mqc_colour                           [WARNING]  Error converting color '228,26,28' to RGB: input #228,26,28 is not in #RRGGBB format
[2026-10-01 12:52:35,735] multiqc.utils.mqc_colour                           [WARNING]  Error converting color '55,126,184' to RGB: input #55,126,184 is not in #RRGGBB format
[2026-10-01 12:52:35,735] multiqc.utils.mqc_colour                           [WARNING]  Error converting color '55,126,184' to RGB: input #55,126,184 is not in #RRGGBB format
[2026-10-01 12:52:35,737] multiqc.utils.mqc_colour                           [WARNING]  Error converting color '55,126,184' to RGB: input #55,126,184 is not in #RRGGBB format
[2026-10-01 12:52:35,737] multiqc.utils.mqc_colour                           [WARNING]  Error converting color '55,126,184' to RGB: input #55,126,184 is not in #RRGGBB format
[2026-10-01 12:52:35,739] multiqc.utils.mqc_colour                           [WARNING]  Error converting color '77,175,74' to RGB: input #77,175,74 is not in #RRGGBB format
[2026-10-01 12:52:35,739] multiqc.utils.mqc_colour                           [WARNING]  Error converting color '77,175,74' to RGB: input #77,175,74 is not in #RRGGBB format
[2026-10-01 12:52:35,741] multiqc.utils.mqc_colour                           [WARNING]  Error converting color '152,78,163' to RGB: input #152,78,163 is not in #RRGGBB format
[2026-10-01 12:52:35,741] multiqc.utils.mqc_colour                           [WARNING]  Error converting color '152,78,163' to RGB: input #152,78,163 is not in #RRGGBB format
[2026-10-01 12:52:35,743] multiqc.utils.mqc_colour                           [WARNING]  Error converting color '255,127,0' to RGB: input #255,127,0 is not in #RRGGBB format
[2026-10-01 12:52:35,743] multiqc.utils.mqc_colour                           [WARNING]  Error converting color '255,127,0' to RGB: input #255,127,0 is not in #RRGGBB format
[2026-10-01 12:52:35,745] multiqc.utils.mqc_colour                           [WARNING]  Error converting color '255,127,0' to RGB: input #255,127,0 is not in #RRGGBB format
[2026-10-01 12:52:35,745] multiqc.utils.mqc_colour                           [WARNING]  Error converting color '255,127,0' to RGB: input #255,127,0 is not in #RRGGBB format
[2026-10-01 12:52:35,747] multiqc.utils.mqc_colour                           [WARNING]  Error converting color '228,26,28' to RGB: input #228,26,28 is not in #RRGGBB format
[2026-10-01 12:52:35,747] multiqc.utils.mqc_colour                           [WARNING]  Error converting color '228,26,28' to RGB: input #228,26,28 is not in #RRGGBB format
[2026-10-01 12:52:35,749] multiqc.utils.mqc_colour                           [WARNING]  Error converting color '179,179,50' to RGB: input #179,179,50 is not in #RRGGBB format
[2026-10-01 12:52:35,749] multiqc.utils.mqc_colour                           [WARNING]  Error converting color '179,179,50' to RGB: input #179,179,50 is not in #RRGGBB format
[2026-10-01 12:52:35,752] multiqc.utils.mqc_colour                           [WARNING]  Error converting color '179,179,50' to RGB: input #179,179,50 is not in #RRGGBB format
[2026-10-01 12:52:35,752] multiqc.utils.mqc_colour                           [WARNING]  Error converting color '179,179,50' to RGB: input #179,179,50 is not in #RRGGBB format
[2026-10-01 12:52:35,754] multiqc.utils.mqc_colour                           [WARNING]  Error converting color '179,179,50' to RGB: input #179,179,50 is not in #RRGGBB format
[2026-10-01 12:52:35,754] multiqc.utils.mqc_colour                           [WARNING]  Error converting color '179,179,50' to RGB: input #179,179,50 is not in #RRGGBB format
[2026-10-01 12:52:35,756] multiqc.utils.mqc_colour                           [WARNING]  Error converting color '166,86,40' to RGB: input #166,86,40 is not in #RRGGBB format
[2026-10-01 12:52:35,756] multiqc.utils.mqc_colour                           [WARNING]  Error converting color '166,86,40' to RGB: input #166,86,40 is not in #RRGGBB format
[2026-10-01 12:52:35,758] multiqc.utils.mqc_colour                           [WARNING]  Error converting color '166,86,40' to RGB: input #166,86,40 is not in #RRGGBB format
[2026-10-01 12:52:35,758] multiqc.utils.mqc_colour                           [WARNING]  Error converting color '166,86,40' to RGB: input #166,86,40 is not in #RRGGBB format
[2026-10-01 12:52:35,760] multiqc.utils.mqc_colour                           [WARNING]  Error converting color '247,129,191' to RGB: input #247,129,191 is not in #RRGGBB format
[2026-10-01 12:52:35,760] multiqc.utils.mqc_colour                           [WARNING]  Error converting color '247,129,191' to RGB: input #247,129,191 is not in #RRGGBB format
[2026-10-01 12:52:35,762] multiqc.utils.mqc_colour                           [WARNING]  Error converting color '247,129,191' to RGB: input #247,129,191 is not in #RRGGBB format
[2026-10-01 12:52:35,762] multiqc.utils.mqc_colour                           [WARNING]  Error converting color '247,129,191' to RGB: input #247,129,191 is not in #RRGGBB format
[2026-10-01 12:52:35,765] multiqc.utils.mqc_colour                           [WARNING]  Error converting color '247,129,191' to RGB: input #247,129,191 is not in #RRGGBB format
[2026-10-01 12:52:35,765] multiqc.utils.mqc_colour                           [WARNING]  Error converting color '247,129,191' to RGB: input #247,129,191 is not in #RRGGBB format
[2026-10-01 12:52:35,767] multiqc.utils.mqc_colour                           [WARNING]  Error converting color '247,129,191' to RGB: input #247,129,191 is not in #RRGGBB format
[2026-10-01 12:52:35,767] multiqc.utils.mqc_colour                           [WARNING]  Error converting color '247,129,191' to RGB: input #247,129,191 is not in #RRGGBB format
[2026-10-01 12:52:35,769] multiqc.utils.mqc_colour                           [WARNING]  Error converting color '247,129,191' to RGB: input #247,129,191 is not in #RRGGBB format
[2026-10-01 12:52:35,769] multiqc.utils.mqc_colour                           [WARNING]  Error converting color '247,129,191' to RGB: input #247,129,191 is not in #RRGGBB format
[2026-10-01 12:52:35,771] multiqc.utils.mqc_colour                           [WARNING]  Error converting color '247,129,191' to RGB: input #247,129,191 is not in #RRGGBB format
[2026-10-01 12:52:35,771] multiqc.utils.mqc_colour                           [WARNING]  Error converting color '247,129,191' to RGB: input #247,129,191 is not in #RRGGBB format
[2026-10-01 12:52:35,773] multiqc.utils.mqc_colour                           [WARNING]  Error converting color '153,153,153' to RGB: input #153,153,153 is not in #RRGGBB format
[2026-10-01 12:52:35,773] multiqc.utils.mqc_colour                           [WARNING]  Error converting color '153,153,153' to RGB: input #153,153,153 is not in #RRGGBB format
[2026-10-01 12:52:35,776] multiqc.utils.mqc_colour                           [WARNING]  Error converting color '55,126,184' to RGB: input #55,126,184 is not in #RRGGBB format
[2026-10-01 12:52:35,776] multiqc.utils.mqc_colour                           [WARNING]  Error converting color '55,126,184' to RGB: input #55,126,184 is not in #RRGGBB format
[2026-10-01 12:52:35,778] multiqc.utils.mqc_colour                           [WARNING]  Error converting color '55,126,184' to RGB: input #55,126,184 is not in #RRGGBB format
[2026-10-01 12:52:35,778] multiqc.utils.mqc_colour                           [WARNING]  Error converting color '55,126,184' to RGB: input #55,126,184 is not in #RRGGBB format
[2026-10-01 12:52:35,780] multiqc.utils.mqc_colour                           [WARNING]  Error converting color '77,175,74' to RGB: input #77,175,74 is not in #RRGGBB format
[2026-10-01 12:52:35,781] multiqc.utils.mqc_colour                           [WARNING]  Error converting color '77,175,74' to RGB: input #77,175,74 is not in #RRGGBB format
[2026-10-01 12:52:35,785] multiqc.utils.mqc_colour                           [WARNING]  Error converting color '77,175,74' to RGB: input #77,175,74 is not in #RRGGBB format
[2026-10-01 12:52:35,785] multiqc.utils.mqc_colour                           [WARNING]  Error converting color '77,175,74' to RGB: input #77,175,74 is not in #RRGGBB format
[2026-10-01 12:52:35,789] multiqc.utils.mqc_colour                           [WARNING]  Error converting color '152,78,163' to RGB: input #152,78,163 is not in #RRGGBB format
[2026-10-01 12:52:35,789] multiqc.utils.mqc_colour                           [WARNING]  Error converting color '152,78,163' to RGB: input #152,78,163 is not in #RRGGBB format
[2026-10-01 12:52:35,793] multiqc.utils.mqc_colour                           [WARNING]  Error converting color '152,78,163' to RGB: input #152,78,163 is not in #RRGGBB format
[2026-10-01 12:52:35,793] multiqc.utils.mqc_colour                           [WARNING]  Error converting color '152,78,163' to RGB: input #152,78,163 is not in #RRGGBB format
[2026-10-01 12:52:35,796] multiqc.utils.mqc_colour                           [WARNING]  Error converting color '152,78,163' to RGB: input #152,78,163 is not in #RRGGBB format
[2026-10-01 12:52:35,797] multiqc.utils.mqc_colour                           [WARNING]  Error converting color '152,78,163' to RGB: input #152,78,163 is not in #RRGGBB format
[2026-10-01 12:52:35,801] multiqc.utils.mqc_colour                           [WARNING]  Error converting color '152,78,163' to RGB: input #152,78,163 is not in #RRGGBB format
[2026-10-01 12:52:35,801] multiqc.utils.mqc_colour                           [WARNING]  Error converting color '152,78,163' to RGB: input #152,78,163 is not in #RRGGBB format
[2026-10-01 12:52:35,804] multiqc.utils.mqc_colour                           [WARNING]  Error converting color '255,127,0' to RGB: input #255,127,0 is not in #RRGGBB format
[2026-10-01 12:52:35,805] multiqc.utils.mqc_colour                           [WARNING]  Error converting color '255,127,0' to RGB: input #255,127,0 is not in #RRGGBB format
[2026-10-01 12:52:35,808] multiqc.utils.mqc_colour                           [WARNING]  Error converting color '255,127,0' to RGB: input #255,127,0 is not in #RRGGBB format
[2026-10-01 12:52:35,808] multiqc.utils.mqc_colour                           [WARNING]  Error converting color '255,127,0' to RGB: input #255,127,0 is not in #RRGGBB format
[2026-10-01 12:52:35,812] multiqc.utils.mqc_colour                           [WARNING]  Error converting color '228,26,28' to RGB: input #228,26,28 is not in #RRGGBB format
[2026-10-01 12:52:35,812] multiqc.utils.mqc_colour                           [WARNING]  Error converting color '228,26,28' to RGB: input #228,26,28 is not in #RRGGBB format
[2026-10-01 12:52:35,816] multiqc.utils.mqc_colour                           [WARNING]  Error converting color '228,26,28' to RGB: input #228,26,28 is not in #RRGGBB format
[2026-10-01 12:52:35,816] multiqc.utils.mqc_colour                           [WARNING]  Error converting color '228,26,28' to RGB: input #228,26,28 is not in #RRGGBB format
[2026-10-01 12:52:35,966] multiqc.core.ai                                    [DEBUG  ]  Saved AI prompt to multiqc_data/llms-full.txt
[2026-10-01 12:52:35,966] multiqc.core.write_results                         [DEBUG  ]  Exporting plot data to files
[2026-10-01 12:52:35,967] multiqc.report                                     [DEBUG  ]  Wrote data file fastqc_raw_sequence_counts_plot.txt
[2026-10-01 12:52:35,967] multiqc.report                                     [DEBUG  ]  Wrote data file fastqc_raw_per_base_sequence_quality_plot.txt
[2026-10-01 12:52:35,967] multiqc.report                                     [DEBUG  ]  Wrote data file fastqc_raw_per_sequence_quality_scores_plot.txt
[2026-10-01 12:52:35,968] multiqc.report                                     [DEBUG  ]  Wrote data file fastqc_raw_per_sequence_gc_content_plot_Percentages.txt
[2026-10-01 12:52:35,969] multiqc.report                                     [DEBUG  ]  Wrote data file fastqc_raw_per_sequence_gc_content_plot_Counts.txt
[2026-10-01 12:52:35,969] multiqc.report                                     [DEBUG  ]  Wrote data file fastqc_raw_per_base_n_content_plot.txt
[2026-10-01 12:52:35,969] multiqc.report                                     [DEBUG  ]  Wrote data file fastqc_raw_sequence_duplication_levels_plot.txt
[2026-10-01 12:52:35,969] multiqc.report                                     [DEBUG  ]  Wrote data file fastqc_raw_overrepresented_sequences_plot.txt
[2026-10-01 12:52:35,969] multiqc.report                                     [DEBUG  ]  Wrote data file fastqc_raw_top_overrepresented_sequences_table.txt
[2026-10-01 12:52:35,970] multiqc.report                                     [DEBUG  ]  Wrote data file fastqc_raw_adapter_content_plot.txt
[2026-10-01 12:52:35,970] multiqc.report                                     [DEBUG  ]  Wrote data file fastqc_raw-status-check-heatmap.txt
[2026-10-01 12:52:35,970] multiqc.report                                     [DEBUG  ]  Wrote data file trim_galore_filtered_reads_plot.txt
[2026-10-01 12:52:35,970] multiqc.report                                     [DEBUG  ]  Wrote data file trim_galore_adapter_length_plot.txt
[2026-10-01 12:52:35,970] multiqc.report                                     [DEBUG  ]  Wrote data file trim_galore_pair_validation_table.txt
[2026-10-01 12:52:35,971] multiqc.report                                     [DEBUG  ]  Wrote data file fastqc_trimmed_sequence_counts_plot.txt
[2026-10-01 12:52:35,971] multiqc.report                                     [DEBUG  ]  Wrote data file fastqc_trimmed_per_base_sequence_quality_plot.txt
[2026-10-01 12:52:35,971] multiqc.report                                     [DEBUG  ]  Wrote data file fastqc_trimmed_per_sequence_quality_scores_plot.txt
[2026-10-01 12:52:35,972] multiqc.report                                     [DEBUG  ]  Wrote data file fastqc_trimmed_per_sequence_gc_content_plot_Percentages.txt
[2026-10-01 12:52:35,973] multiqc.report                                     [DEBUG  ]  Wrote data file fastqc_trimmed_per_sequence_gc_content_plot_Counts.txt
[2026-10-01 12:52:35,973] multiqc.report                                     [DEBUG  ]  Wrote data file fastqc_trimmed_per_base_n_content_plot.txt
[2026-10-01 12:52:35,974] multiqc.report                                     [DEBUG  ]  Wrote data file fastqc_sequence_length_distribution_plot.txt
[2026-10-01 12:52:35,974] multiqc.report                                     [DEBUG  ]  Wrote data file fastqc_trimmed_sequence_duplication_levels_plot.txt
[2026-10-01 12:52:35,974] multiqc.report                                     [DEBUG  ]  Wrote data file fastqc_trimmed_overrepresented_sequences_plot.txt
[2026-10-01 12:52:35,974] multiqc.report                                     [DEBUG  ]  Wrote data file fastqc_trimmed_top_overrepresented_sequences_table.txt
[2026-10-01 12:52:35,974] multiqc.report                                     [DEBUG  ]  Wrote data file fastqc_trimmed-status-check-heatmap.txt
[2026-10-01 12:52:35,974] multiqc.report                                     [DEBUG  ]  Wrote data file bbmap-bbsplit_plot.txt
[2026-10-01 12:52:35,974] multiqc.report                                     [DEBUG  ]  Wrote data file bbsplit_stats_table.txt
[2026-10-01 12:52:35,974] multiqc.report                                     [DEBUG  ]  Wrote data file fastqc_filtered_sequence_counts_plot.txt
[2026-10-01 12:52:35,975] multiqc.report                                     [DEBUG  ]  Wrote data file fastqc_filtered_per_base_sequence_quality_plot.txt
[2026-10-01 12:52:35,975] multiqc.report                                     [DEBUG  ]  Wrote data file fastqc_filtered_per_sequence_quality_scores_plot.txt
[2026-10-01 12:52:35,976] multiqc.report                                     [DEBUG  ]  Wrote data file fastqc_filtered_per_sequence_gc_content_plot_Percentages.txt
[2026-10-01 12:52:35,976] multiqc.report                                     [DEBUG  ]  Wrote data file fastqc_filtered_per_sequence_gc_content_plot_Counts.txt
[2026-10-01 12:52:35,977] multiqc.report                                     [DEBUG  ]  Wrote data file fastqc_filtered_per_base_n_content_plot.txt
[2026-10-01 12:52:35,977] multiqc.report                                     [DEBUG  ]  Wrote data file fastqc_sequence_length_distribution_plot.txt
[2026-10-01 12:52:35,978] multiqc.report                                     [DEBUG  ]  Wrote data file fastqc_filtered_sequence_duplication_levels_plot.txt
[2026-10-01 12:52:35,978] multiqc.report                                     [DEBUG  ]  Wrote data file fastqc_filtered_overrepresented_sequences_plot.txt
[2026-10-01 12:52:35,978] multiqc.report                                     [DEBUG  ]  Wrote data file fastqc_filtered_top_overrepresented_sequences_table.txt
[2026-10-01 12:52:35,978] multiqc.report                                     [DEBUG  ]  Wrote data file fastqc_filtered-status-check-heatmap.txt
[2026-10-01 12:52:35,978] multiqc.report                                     [DEBUG  ]  Wrote data file picard_deduplication.txt
[2026-10-01 12:52:35,978] multiqc.report                                     [DEBUG  ]  Wrote data file qualimap_genomic_origin.txt
[2026-10-01 12:52:35,979] multiqc.report                                     [DEBUG  ]  Wrote data file qualimap_gene_coverage_profile_Counts.txt
[2026-10-01 12:52:35,979] multiqc.report                                     [DEBUG  ]  Wrote data file qualimap_gene_coverage_profile_Normalised.txt
[2026-10-01 12:52:35,979] multiqc.report                                     [DEBUG  ]  Wrote data file rseqc_read_distribution_plot.txt
[2026-10-01 12:52:35,980] multiqc.report                                     [DEBUG  ]  Wrote data file rseqc_inner_distance_plot_Counts.txt
[2026-10-01 12:52:35,980] multiqc.report                                     [DEBUG  ]  Wrote data file rseqc_inner_distance_plot_Percentages.txt
[2026-10-01 12:52:35,981] multiqc.report                                     [DEBUG  ]  Wrote data file rseqc_read_dups_plot.txt
[2026-10-01 12:52:35,981] multiqc.report                                     [DEBUG  ]  Wrote data file rseqc_junction_annotation_junctions_plot_Junctions.txt
[2026-10-01 12:52:35,981] multiqc.report                                     [DEBUG  ]  Wrote data file rseqc_junction_annotation_junctions_plot_Events.txt
[2026-10-01 12:52:35,981] multiqc.report                                     [DEBUG  ]  Wrote data file rseqc_junction_saturation_plot_All_Junctions.txt
[2026-10-01 12:52:35,981] multiqc.report                                     [DEBUG  ]  Wrote data file rseqc_junction_saturation_plot_Known_Junctions.txt
[2026-10-01 12:52:35,981] multiqc.report                                     [DEBUG  ]  Wrote data file rseqc_junction_saturation_plot_Novel_Junctions.txt
[2026-10-01 12:52:35,981] multiqc.report                                     [DEBUG  ]  Wrote data file rseqc_infer_experiment_plot.txt
[2026-10-01 12:52:35,982] multiqc.report                                     [DEBUG  ]  Wrote data file rseqc_bam_stat.txt
[2026-10-01 12:52:35,982] multiqc.report                                     [DEBUG  ]  Wrote data file samtools_alignment_plot.txt
[2026-10-01 12:52:35,983] multiqc.report                                     [DEBUG  ]  Wrote data file samtools_insert_size.txt
[2026-10-01 12:52:35,983] multiqc.report                                     [DEBUG  ]  Wrote data file samtools-stats-dp.txt
[2026-10-01 12:52:35,983] multiqc.report                                     [DEBUG  ]  Wrote data file samtools-flagstat-table.txt
[2026-10-01 12:52:35,983] multiqc.report                                     [DEBUG  ]  Wrote data file samtools-flagstat-pct-table.txt
[2026-10-01 12:52:35,983] multiqc.report                                     [DEBUG  ]  Wrote data file samtools-idxstats-mapped-reads-plot_Normalised_Counts.txt
[2026-10-01 12:52:35,983] multiqc.report                                     [DEBUG  ]  Wrote data file samtools-idxstats-mapped-reads-plot_Observed_over_Expected_Counts.txt
[2026-10-01 12:52:35,984] multiqc.report                                     [DEBUG  ]  Wrote data file samtools-idxstats-mapped-reads-plot_Raw_Counts.txt
[2026-10-01 12:52:35,984] multiqc.report                                     [DEBUG  ]  Wrote data file star_summary_table.txt
[2026-10-01 12:52:35,984] multiqc.report                                     [DEBUG  ]  Wrote data file star_alignment_plot.txt
[2026-10-01 12:52:35,986] multiqc.report                                     [DEBUG  ]  Wrote data file salmon_plot.txt
[2026-10-01 12:52:35,986] multiqc.core.write_results                         [DEBUG  ]  Moving data file from '/tmp/tmptnv8juhn/multiqc_data' to '/home/xkhina/projects/practise_GSE327890/work/53/b044a6a3c96a50013e5a1901b8ec7c/multiqc_report_data'
[2026-10-01 12:52:36,168] multiqc.core.write_results                         [INFO   ]  Data        : multiqc_report_data
[2026-10-01 12:52:36,182] multiqc.core.write_results                         [DEBUG  ]  Compressing plot data
[2026-10-01 12:52:36,341] multiqc.core.write_results                         [INFO   ]  Report      : multiqc_report.html
[2026-10-01 12:52:36,341] multiqc.core.write_results                         [DEBUG  ]  Moving plots directory from '/tmp/tmptnv8juhn/multiqc_plots' to '/home/xkhina/projects/practise_GSE327890/work/53/b044a6a3c96a50013e5a1901b8ec7c/multiqc_report_plots'
[2026-10-01 12:52:36,377] multiqc.core.write_results                         [INFO   ]  Plots       : multiqc_report_plots
